query,node_id,iteration,latency_ms,result_count
1-hop,189,1,296.2479000016174,29
1-hop,189,2,311.7729999976291,29
1-hop,189,3,410.8239999986836,29
1-hop,189,4,308.0422000020917,29
1-hop,189,5,407.3625000019092,29
1-hop,189,6,410.3943000009167,29
1-hop,189,7,408.745299999282,29
1-hop,189,8,408.90520000175457,29
1-hop,189,9,306.9629999990866,29
1-hop,189,10,410.8883999979298,29
1-hop,189,11,408.24140000040643,29
1-hop,189,12,313.3406000015384,29
1-hop,189,13,614.9556999989727,29
1-hop,189,14,409.02269999787677,29
1-hop,189,15,614.4322000000102,29
1-hop,189,16,300.96770000091055,29
1-hop,189,17,312.4354999999923,29
1-hop,189,18,305.2458000020124,29
1-hop,189,19,406.18179999728454,29
1-hop,189,20,305.56390000128886,29
1-hop,189,21,306.701500001509,29
1-hop,189,22,315.6265999969037,29
1-hop,189,23,408.6061999987578,29
1-hop,189,24,301.98989999917103,29
1-hop,189,25,306.2105999997584,29
1-hop,189,26,307.72739999883925,29
1-hop,189,27,306.33949999901233,29
1-hop,189,28,306.13219999941066,29
1-hop,189,29,410.3873999993084,29
1-hop,189,30,512.0300000016869,29
1-hop,189,31,621.2120999989565,29
1-hop,189,32,614.3774000011035,29
1-hop,189,33,504.8293999971065,29
1-hop,189,34,307.42820000159554,29
1-hop,189,35,306.7308999998204,29
1-hop,189,36,512.0129000024463,29
1-hop,189,37,307.2433000015735,29
1-hop,189,38,306.4212999997835,29
1-hop,189,39,307.1970999990299,29
1-hop,189,40,307.63090000255033,29
1-hop,189,41,306.53130000064266,29
1-hop,189,42,410.0680999981705,29
1-hop,189,43,306.8300000013551,29
1-hop,189,44,620.0118999986444,29
1-hop,189,45,615.0300000008428,29
1-hop,189,46,403.4415000023728,29
1-hop,189,47,409.0113999991445,29
1-hop,189,48,307.5468000024557,29
1-hop,189,49,409.48980000030133,29
1-hop,189,50,409.1746999984025,29
1-hop,189,51,307.1291000014753,29
1-hop,189,52,621.480400001019,29
1-hop,189,53,615.3161000002001,29
1-hop,189,54,298.6462999979267,29
1-hop,189,55,412.33719999945606,29
1-hop,189,56,348.23799999867333,29
1-hop,189,57,365.97729999994044,29
1-hop,189,58,411.28309999839985,29
1-hop,189,59,305.74200000046403,29
1-hop,189,60,284.99359999841545,29
1-hop,189,61,327.7530999985174,29
1-hop,189,62,307.08360000062385,29
1-hop,189,63,412.6192000003357,29
1-hop,189,64,407.6060999977926,29
1-hop,189,65,306.17569999958505,29
1-hop,189,66,409.1751000014483,29
1-hop,189,67,410.2240000029269,29
1-hop,189,68,306.2901999983296,29
1-hop,189,69,307.07190000248374,29
1-hop,189,70,308.97169999661855,29
1-hop,189,71,323.1850000011036,29
1-hop,189,72,393.2849000011629,29
1-hop,189,73,510.09999999951106,29
1-hop,189,74,410.4183999988891,29
1-hop,189,75,306.6091000000597,29
1-hop,189,76,408.98419999939506,29
1-hop,189,77,410.3852999978699,29
1-hop,189,78,306.41820000164444,29
1-hop,189,79,307.2931000024255,29
1-hop,189,80,306.9333999992523,29
1-hop,189,81,307.13699999978417,29
1-hop,189,82,408.86200000022654,29
1-hop,189,83,409.7223999997368,29
1-hop,189,84,377.341700001125,29
1-hop,189,85,544.0289999969536,29
1-hop,189,86,307.13509999986854,29
1-hop,189,87,410.41309999855,29
1-hop,189,88,306.4745000010589,29
1-hop,189,89,306.96739999984857,29
1-hop,189,90,307.07430000256863,29
1-hop,189,91,409.13320000254316,29
1-hop,189,92,385.316399999283,29
1-hop,189,93,332.6019999985874,29
1-hop,189,94,408.2485999970231,29
1-hop,189,95,411.12449999855016,29
1-hop,189,96,305.4303999997501,29
1-hop,189,97,306.8613000032201,29
1-hop,189,98,409.8154999992403,29
1-hop,189,99,409.13759999966715,29
1-hop,189,100,307.07360000087647,29
1-hop,6810,1,411.90869999991264,5
1-hop,6810,2,407.3596999987785,5
1-hop,6810,3,287.0301000002655,5
1-hop,6810,4,531.7914999977802,5
1-hop,6810,5,620.663699999568,5
1-hop,6810,6,614.8438999989594,5
1-hop,6810,7,613.733800000773,5
1-hop,6810,8,403.11449999717297,5
1-hop,6810,9,625.370900001144,5
1-hop,6810,10,602.9501000011805,5
1-hop,6810,11,410.54889999941224,5
1-hop,6810,12,305.8232000003045,5
1-hop,6810,13,409.9370000003546,5
1-hop,6810,14,308.11109999922337,5
1-hop,6810,15,408.15870000005816,5
1-hop,6810,16,413.6700999988534,5
1-hop,6810,17,619.4002000011096,5
1-hop,6810,18,400.83880000020145,5
1-hop,6810,19,409.21139999773004,5
1-hop,6810,20,410.6291999996756,5
1-hop,6810,21,407.2292999990168,5
1-hop,6810,22,298.0693000026804,5
1-hop,6810,23,316.98619999951916,5
1-hop,6810,24,411.5739000008034,5
1-hop,6810,25,407.9467999981716,5
1-hop,6810,26,306.65939999744296,5
1-hop,6810,27,306.45860000004177,5
1-hop,6810,28,307.7784999986761,5
1-hop,6810,29,306.51660000148695,5
1-hop,6810,30,410.42770000058226,5
1-hop,6810,31,620.52969999786,5
1-hop,6810,32,314.8617999977432,5
1-hop,6810,33,497.04600000040955,5
1-hop,6810,34,620.8592000002682,5
1-hop,6810,35,507.1858000010252,5
1-hop,6810,36,510.11560000188183,5
1-hop,6810,37,306.8325999993249,5
1-hop,6810,38,309.285399998771,5
1-hop,6810,39,305.8921999981976,5
1-hop,6810,40,510.62780000211205,5
1-hop,6810,41,410.30939999836846,5
1-hop,6810,42,306.6650999971898,5
1-hop,6810,43,409.124999998312,5
1-hop,6810,44,412.0956999977352,5
1-hop,6810,45,305.04149999978836,5
1-hop,6810,46,307.8900000000431,5
1-hop,6810,47,305.80510000072536,5
1-hop,6810,48,409.6806999987166,5
1-hop,6810,49,621.2912999981199,5
1-hop,6810,50,614.1334000021743,5
1-hop,6810,51,300.9420999987924,5
1-hop,6810,52,306.58210000183317,5
1-hop,6810,53,410.20560000106343,5
1-hop,6810,54,408.49449999950593,5
1-hop,6810,55,308.0303999995522,5
1-hop,6810,56,408.9797000015096,5
1-hop,6810,57,409.87220000170055,5
1-hop,6810,58,306.1445999992429,5
1-hop,6810,59,415.24869999921066,5
1-hop,6810,60,411.51000000172644,5
1-hop,6810,61,302.91399999987334,5
1-hop,6810,62,313.81429999964894,5
1-hop,6810,63,404.4995000003837,5
1-hop,6810,64,409.9774000023899,5
1-hop,6810,65,301.8780999991577,5
1-hop,6810,66,314.4677000018419,5
1-hop,6810,67,299.15389999951003,5
1-hop,6810,68,409.84450000178185,5
1-hop,6810,69,410.4942999983905,5
1-hop,6810,70,316.50810000064666,5
1-hop,6810,71,404.5626999977685,5
1-hop,6810,72,410.27670000039507,5
1-hop,6810,73,302.84190000020317,5
1-hop,6810,74,407.78839999984484,5
1-hop,6810,75,408.3664999998291,5
1-hop,6810,76,307.10179999732645,5
1-hop,6810,77,308.2456000011007,5
1-hop,6810,78,306.7994999983057,5
1-hop,6810,79,409.60439999980736,5
1-hop,6810,80,307.313699999213,5
1-hop,6810,81,408.6052999991807,5
1-hop,6810,82,409.7083000015118,5
1-hop,6810,83,409.834400001273,5
1-hop,6810,84,408.5586000001058,5
1-hop,6810,85,306.3493000008748,5
1-hop,6810,86,411.3316999973904,5
1-hop,6810,87,307.3076000000583,5
1-hop,6810,88,409.7074999990582,5
1-hop,6810,89,306.38059999910183,5
1-hop,6810,90,413.9709999981278,5
1-hop,6810,91,404.74340000218945,5
1-hop,6810,92,409.3678999997792,5
1-hop,6810,93,306.3767000021471,5
1-hop,6810,94,307.2648000015761,5
1-hop,6810,95,416.7466999970202,5
1-hop,6810,96,407.9751999997825,5
1-hop,6810,97,410.298500002682,5
1-hop,6810,98,305.17540000073495,5
1-hop,6810,99,405.0351000005321,5
1-hop,6810,100,312.8964999996242,5
1-hop,8413,1,302.04310000044643,6
1-hop,8413,2,408.8930000034452,6
1-hop,8413,3,414.4698000018252,6
1-hop,8413,4,301.89099999915925,6
1-hop,8413,5,409.31629999977304,6
1-hop,8413,6,411.1427999996522,6
1-hop,8413,7,443.081199999142,6
1-hop,8413,8,374.2576000004192,6
1-hop,8413,9,620.9658000007039,6
1-hop,8413,10,319.7431000007782,6
1-hop,8413,11,288.33619999932125,6
1-hop,8413,12,411.85740000219084,6
1-hop,8413,13,407.2576999969897,6
1-hop,8413,14,307.0246999996016,6
1-hop,8413,15,416.0413999998127,6
1-hop,8413,16,298.6297999996168,6
1-hop,8413,17,307.418599997618,6
1-hop,8413,18,513.3376000012504,6
1-hop,8413,19,410.0733000013861,6
1-hop,8413,20,307.4734999972861,6
1-hop,8413,21,312.0937000021513,6
1-hop,8413,22,404.6130999995512,6
1-hop,8413,23,407.58959999948274,6
1-hop,8413,24,307.30039999980363,6
1-hop,8413,25,409.3574000035005,6
1-hop,8413,26,412.3524999995425,6
1-hop,8413,27,306.3278999979957,6
1-hop,8413,28,305.24030000015046,6
1-hop,8413,29,409.5798999987892,6
1-hop,8413,30,409.4906999998784,6
1-hop,8413,31,306.95510000077775,6
1-hop,8413,32,409.81269999974757,6
1-hop,8413,33,409.6994999999879,6
1-hop,8413,34,305.89709999912884,6
1-hop,8413,35,307.3897999965993,6
1-hop,8413,36,409.6345999969344,6
1-hop,8413,37,308.7162999981956,6
1-hop,8413,38,273.83710000140127,6
1-hop,8413,39,338.27910000036354,6
1-hop,8413,40,307.6088999987405,6
1-hop,8413,41,595.9311000005982,6
1-hop,8413,42,331.66590000109863,6
1-hop,8413,43,300.2532999998948,6
1-hop,8413,44,409.6764999994775,6
1-hop,8413,45,409.4617000009748,6
1-hop,8413,46,412.9283000002033,6
1-hop,8413,47,408.946499999729,6
1-hop,8413,48,304.09209999925224,6
1-hop,8413,49,307.0641999984218,6
1-hop,8413,50,409.5811999977741,6
1-hop,8413,51,417.59150000143563,6
1-hop,8413,52,612.9905999987386,6
1-hop,8413,53,402.6075999972818,6
1-hop,8413,54,410.19320000123116,6
1-hop,8413,55,308.7749000005715,6
1-hop,8413,56,407.37979999903473,6
1-hop,8413,57,382.1606999990763,6
1-hop,8413,58,336.14220000163186,6
1-hop,8413,59,284.5314000005601,6
1-hop,8413,60,279.4216000002052,6
1-hop,8413,61,461.52100000108476,6
1-hop,8413,62,302.6451999976416,6
1-hop,8413,63,307.7561999998579,6
1-hop,8413,64,627.9242999989947,6
1-hop,8413,65,305.1084000035189,6
1-hop,8413,66,397.4062999986927,6
1-hop,8413,67,307.0664000006218,6
1-hop,8413,68,409.4901000025857,6
1-hop,8413,69,409.9829000006139,6
1-hop,8413,70,409.43999999944936,6
1-hop,8413,71,312.0229999985895,6
1-hop,8413,72,302.7743999991799,6
1-hop,8413,73,410.34399999989546,6
1-hop,8413,74,414.36260000045877,6
1-hop,8413,75,300.82620000030147,6
1-hop,8413,76,312.8565000006347,6
1-hop,8413,77,408.99330000320333,6
1-hop,8413,78,409.6886999977869,6
1-hop,8413,79,300.94589999862364,6
1-hop,8413,80,409.50080000038724,6
1-hop,8413,81,410.4201000009198,6
1-hop,8413,82,311.708200002613,6
1-hop,8413,83,300.3920000010112,6
1-hop,8413,84,307.0966999985103,6
1-hop,8413,85,410.9153999997943,6
1-hop,8413,86,306.1557000000903,6
1-hop,8413,87,513.514700000087,6
1-hop,8413,88,409.2722999994294,6
1-hop,8413,89,306.13000000084867,6
1-hop,8413,90,307.444599999144,6
1-hop,8413,91,312.1880000035162,6
1-hop,8413,92,404.1743999987375,6
1-hop,8413,93,410.5066000010993,6
1-hop,8413,94,408.04039999784436,6
1-hop,8413,95,313.194400001521,6
1-hop,8413,96,278.63000000070315,6
1-hop,8413,97,329.73090000086813,6
1-hop,8413,98,331.69139999881736,6
1-hop,8413,99,293.97339999923133,6
1-hop,8413,100,277.53780000057304,6
1-hop,16890,1,307.2573999997985,5
1-hop,16890,2,283.05100000216044,5
1-hop,16890,3,280.0566000005347,5
1-hop,16890,4,279.76219999982277,5
1-hop,16890,5,281.5458999975817,5
1-hop,16890,6,278.47400000246125,5
1-hop,16890,7,285.04640000028303,5
1-hop,16890,8,287.4554999980319,5
1-hop,16890,9,283.15740000107326,5
1-hop,16890,10,306.6660000004049,5
1-hop,16890,11,287.0763999999326,5
1-hop,16890,12,286.1964000003354,5
1-hop,16890,13,282.436500001495,5
1-hop,16890,14,282.7299000018684,5
1-hop,16890,15,279.61599999980535,5
1-hop,16890,16,333.22430000043823,5
1-hop,16890,17,306.85169999924256,5
1-hop,16890,18,409.6129999998084,5
1-hop,16890,19,284.78030000042054,5
1-hop,16890,20,330.2442999993218,5
1-hop,16890,21,296.7398000000685,5
1-hop,16890,22,295.7062000023143,5
1-hop,16890,23,287.3509999990347,5
1-hop,16890,24,296.59969999920577,5
1-hop,16890,25,281.70289999980014,5
1-hop,16890,26,280.24849999928847,5
1-hop,16890,27,293.5386999997718,5
1-hop,16890,28,286.7841999977827,5
1-hop,16890,29,281.0697999993863,5
1-hop,16890,30,282.6788000020315,5
1-hop,16890,31,285.04439999960596,5
1-hop,16890,32,280.70579999985057,5
1-hop,16890,33,294.4105999995372,5
1-hop,16890,34,288.5117000005266,5
1-hop,16890,35,281.85230000235606,5
1-hop,16890,36,284.41079999902286,5
1-hop,16890,37,299.3912000019918,5
1-hop,16890,38,280.3285000009055,5
1-hop,16890,39,284.6893000023556,5
1-hop,16890,40,371.64230000053067,5
1-hop,16890,41,409.49559999717167,5
1-hop,16890,42,306.77360000117915,5
1-hop,16890,43,307.14500000249245,5
1-hop,16890,44,277.2707999974955,5
1-hop,16890,45,281.62029999657534,5
1-hop,16890,46,284.76600000067265,5
1-hop,16890,47,283.83649999886984,5
1-hop,16890,48,284.7542000017711,5
1-hop,16890,49,280.1995999980136,5
1-hop,16890,50,354.07560000021476,5
1-hop,16890,51,308.24529999881634,5
1-hop,16890,52,306.50669999886304,5
1-hop,16890,53,306.1828999998397,5
1-hop,16890,54,410.7789000008779,5
1-hop,16890,55,305.98920000193175,5
1-hop,16890,56,288.7479999990319,5
1-hop,16890,57,282.6848999975482,5
1-hop,16890,58,284.5113000003039,5
1-hop,16890,59,280.2181000006385,5
1-hop,16890,60,284.8779999985709,5
1-hop,16890,61,280.58059999966645,5
1-hop,16890,62,283.9143999990483,5
1-hop,16890,63,286.3618999981554,5
1-hop,16890,64,285.47210000033374,5
1-hop,16890,65,284.18109999984154,5
1-hop,16890,66,300.1048999976774,5
1-hop,16890,67,282.8124999978172,5
1-hop,16890,68,293.78519999954733,5
1-hop,16890,69,303.2322999970347,5
1-hop,16890,70,287.9330999967351,5
1-hop,16890,71,279.80679999745917,5
1-hop,16890,72,280.2908999983629,5
1-hop,16890,73,281.5852999992785,5
1-hop,16890,74,335.28670000305283,5
1-hop,16890,75,294.4320999995398,5
1-hop,16890,76,283.4699000013643,5
1-hop,16890,77,285.06239999842364,5
1-hop,16890,78,288.050099999964,5
1-hop,16890,79,281.3693999996758,5
1-hop,16890,80,321.0846000001766,5
1-hop,16890,81,283.2205000013346,5
1-hop,16890,82,290.18039999937173,5
1-hop,16890,83,285.3821999997308,5
1-hop,16890,84,289.3285999998625,5
1-hop,16890,85,282.7800999984902,5
1-hop,16890,86,281.51419999994687,5
1-hop,16890,87,279.28030000111903,5
1-hop,16890,88,286.0094999996363,5
1-hop,16890,89,278.9773000004061,5
1-hop,16890,90,287.56129999965196,5
1-hop,16890,91,282.72669999932987,5
1-hop,16890,92,281.3785000034841,5
1-hop,16890,93,322.90699999794015,5
1-hop,16890,94,286.40280000036,5
1-hop,16890,95,282.8694000018004,5
1-hop,16890,96,279.8746000007668,5
1-hop,16890,97,285.33499999684864,5
1-hop,16890,98,279.10809999957564,5
1-hop,16890,99,291.6686999997182,5
1-hop,16890,100,293.96039999846835,5
1-hop,35347,1,282.673400000931,5
1-hop,35347,2,334.12220000172965,5
1-hop,35347,3,286.9645999999193,5
1-hop,35347,4,290.0106999986747,5
1-hop,35347,5,279.04579999812995,5
1-hop,35347,6,290.60049999679904,5
1-hop,35347,7,286.1090000005788,5
1-hop,35347,8,282.17729999960284,5
1-hop,35347,9,291.3896999998542,5
1-hop,35347,10,289.69920000236016,5
1-hop,35347,11,296.1825000020326,5
1-hop,35347,12,286.6037999992841,5
1-hop,35347,13,281.8082999983744,5
1-hop,35347,14,283.20629999871016,5
1-hop,35347,15,282.9941999989387,5
1-hop,35347,16,400.81149999969057,5
1-hop,35347,17,377.85060000169324,5
1-hop,35347,18,279.5862000020861,5
1-hop,35347,19,290.8019999995304,5
1-hop,35347,20,289.38190000189934,5
1-hop,35347,21,280.4001000004064,5
1-hop,35347,22,284.08049999779905,5
1-hop,35347,23,279.83519999907,5
1-hop,35347,24,280.45839999685995,5
1-hop,35347,25,285.52660000059404,5
1-hop,35347,26,282.81829999832553,5
1-hop,35347,27,290.3727000011713,5
1-hop,35347,28,284.2787000008684,5
1-hop,35347,29,280.317600001581,5
1-hop,35347,30,300.63529999824823,5
1-hop,35347,31,392.8535999984888,5
1-hop,35347,32,323.8111000027857,5
1-hop,35347,33,409.89429999899585,5
1-hop,35347,34,305.68829999901936,5
1-hop,35347,35,281.8346999993082,5
1-hop,35347,36,331.5228000028583,5
1-hop,35347,37,491.80320000232314,5
1-hop,35347,38,422.0098000005237,5
1-hop,35347,39,289.61530000015046,5
1-hop,35347,40,287.9046999987622,5
1-hop,35347,41,283.801500001573,5
1-hop,35347,42,281.557199999952,5
1-hop,35347,43,284.7671999988961,5
1-hop,35347,44,279.9826000009489,5
1-hop,35347,45,279.7056999988854,5
1-hop,35347,46,279.3175999977393,5
1-hop,35347,47,281.02059999946505,5
1-hop,35347,48,285.52879999915604,5
1-hop,35347,49,285.0896999989345,5
1-hop,35347,50,280.73460000086925,5
1-hop,35347,51,287.43179999946733,5
1-hop,35347,52,285.7586000027368,5
1-hop,35347,53,284.09239999746205,5
1-hop,35347,54,284.8584999992454,5
1-hop,35347,55,380.06189999941853,5
1-hop,35347,56,280.1247000024887,5
1-hop,35347,57,332.40939999814145,5
1-hop,35347,58,307.8257000015583,5
1-hop,35347,59,306.3244000004488,5
1-hop,35347,60,286.8339999986347,5
1-hop,35347,61,305.0699999985227,5
1-hop,35347,62,290.81870000300114,5
1-hop,35347,63,345.2145000010205,5
1-hop,35347,64,307.22160000004806,5
1-hop,35347,65,307.0837000013853,5
1-hop,35347,66,296.89610000059474,5
1-hop,35347,67,295.88289999810513,5
1-hop,35347,68,328.21580000018,5
1-hop,35347,69,306.7269999992277,5
1-hop,35347,70,306.84889999974985,5
1-hop,35347,71,410.22520000115037,5
1-hop,35347,72,307.7305000006163,5
1-hop,35347,73,279.3768000010459,5
1-hop,35347,74,413.7169999994512,5
1-hop,35347,75,409.46900000199093,5
1-hop,35347,76,329.7362000012072,5
1-hop,35347,77,307.0985999984259,5
1-hop,35347,78,409.32210000028135,5
1-hop,35347,79,410.51119999974617,5
1-hop,35347,80,408.695500002068,5
1-hop,35347,81,390.9806000010576,5
1-hop,35347,82,325.6194999994477,5
1-hop,35347,83,306.6833000011684,5
1-hop,35347,84,409.42440000071656,5
1-hop,35347,85,311.25880000035977,5
1-hop,35347,86,405.4238999997324,5
1-hop,35347,87,409.59189999921364,5
1-hop,35347,88,409.1709999993327,5
1-hop,35347,89,306.9409999989148,5
1-hop,35347,90,307.55970000245725,5
1-hop,35347,91,409.5158000018273,5
1-hop,35347,92,411.06070000023465,5
1-hop,35347,93,282.21669999766164,5
1-hop,35347,94,278.3077999993111,5
1-hop,35347,95,438.5507000006328,5
1-hop,35347,96,281.03200000259676,5
1-hop,35347,97,355.7273000005807,5
1-hop,35347,98,620.8967999991728,5
1-hop,35347,99,614.1045000003942,5
1-hop,35347,100,301.1893000002601,5
1-hop,36521,1,410.15429999970365,7
1-hop,36521,2,409.02809999897727,7
1-hop,36521,3,306.4321000019845,7
1-hop,36521,4,410.0703000003705,7
1-hop,36521,5,409.1474000015296,7
1-hop,36521,6,307.1376000007149,7
1-hop,36521,7,409.76170000067214,7
1-hop,36521,8,409.5259999994596,7
1-hop,36521,9,307.6725999999326,7
1-hop,36521,10,305.74129999877186,7
1-hop,36521,11,409.618199999386,7
1-hop,36521,12,409.6179999978631,7
1-hop,36521,13,306.93690000043716,7
1-hop,36521,14,409.16550000110874,7
1-hop,36521,15,409.70890000244253,7
1-hop,36521,16,307.0268000010401,7
1-hop,36521,17,306.9450000002689,7
1-hop,36521,18,409.6876000003249,7
1-hop,36521,19,306.1018000007607,7
1-hop,36521,20,306.97909999798867,7
1-hop,36521,21,409.8965999983193,7
1-hop,36521,22,307.63520000255085,7
1-hop,36521,23,307.2265000009793,7
1-hop,36521,24,277.3185000005469,7
1-hop,36521,25,1957.4117000011029,7
1-hop,36521,26,422.21300000164774,7
1-hop,36521,27,528.1664000031014,7
1-hop,36521,28,613.8337000011234,7
1-hop,36521,29,614.5881000011286,7
1-hop,36521,30,614.393799998652,7
1-hop,36521,31,398.1789999998,7
1-hop,36521,32,303.14369999905466,7
1-hop,36521,33,282.76460000051884,7
1-hop,36521,34,282.6401000020269,7
1-hop,36521,35,359.6746000002895,7
1-hop,36521,36,324.60139999966486,7
1-hop,36521,37,319.5683999983885,7
1-hop,36521,38,380.6220999977086,7
1-hop,36521,39,408.9964999984659,7
1-hop,36521,40,512.4871000007261,7
1-hop,36521,41,409.04460000092513,7
1-hop,36521,42,306.63909999930183,7
1-hop,36521,43,410.34200000285637,7
1-hop,36521,44,408.1700000024284,7
1-hop,36521,45,307.5611999993271,7
1-hop,36521,46,307.00009999782196,7
1-hop,36521,47,414.78060000008554,7
1-hop,36521,48,404.0528000004997,7
1-hop,36521,49,307.28069999895524,7
1-hop,36521,50,281.6508999967482,7
1-hop,36521,51,484.8679999995511,7
1-hop,36521,52,360.4056000003766,7
1-hop,36521,53,306.33379999926547,7
1-hop,36521,54,409.70759999981965,7
1-hop,36521,55,409.1368000008515,7
1-hop,36521,56,306.5762999976869,7
1-hop,36521,57,410.5596000008518,7
1-hop,36521,58,306.9047999997565,7
1-hop,36521,59,279.0361000006669,7
1-hop,36521,60,539.6209999998973,7
1-hop,36521,61,409.2841000019689,7
1-hop,36521,62,307.6578000000154,7
1-hop,36521,63,306.8204000010155,7
1-hop,36521,64,306.93089999840595,7
1-hop,36521,65,399.94779999688035,7
1-hop,36521,66,315.6275999972422,7
1-hop,36521,67,528.5332999992534,7
1-hop,36521,68,395.4788000010012,7
1-hop,36521,69,280.92109999852255,7
1-hop,36521,70,282.60230000159936,7
1-hop,36521,71,561.6281000002346,7
1-hop,36521,72,306.0109999969427,7
1-hop,36521,73,312.97149999954854,7
1-hop,36521,74,280.21219999936875,7
1-hop,36521,75,431.0053000008338,7
1-hop,36521,76,409.0512000002491,7
1-hop,36521,77,311.94070000128704,7
1-hop,36521,78,287.2419999985141,7
1-hop,36521,79,424.603899999056,7
1-hop,36521,80,409.310999999434,7
1-hop,36521,81,307.13829999876907,7
1-hop,36521,82,409.4569999979285,7
1-hop,36521,83,344.77379999952973,7
1-hop,36521,84,283.42130000237375,7
1-hop,36521,85,507.651399999304,7
1-hop,36521,86,282.5312999993912,7
1-hop,36521,87,321.70590000168886,7
1-hop,36521,88,306.9424999994226,7
1-hop,36521,89,412.9132000016398,7
1-hop,36521,90,406.1485999991419,7
1-hop,36521,91,409.86440000051516,7
1-hop,36521,92,409.199500001705,7
1-hop,36521,93,409.42200000063167,7
1-hop,36521,94,290.83259999970323,7
1-hop,36521,95,323.7307999988843,7
1-hop,36521,96,409.3222999981663,7
1-hop,36521,97,409.7378000005847,7
1-hop,36521,98,307.06149999969057,7
1-hop,36521,99,307.0417000017187,7
1-hop,36521,100,307.26059999869904,7
1-hop,41225,1,306.7613999992318,5
1-hop,41225,2,307.06320000172127,5
1-hop,41225,3,306.9806999992579,5
1-hop,41225,4,409.8169999997481,5
1-hop,41225,5,306.7611999977089,5
1-hop,41225,6,307.26900000081514,5
1-hop,41225,7,409.6334999994724,5
1-hop,41225,8,409.3587000024854,5
1-hop,41225,9,306.6756999978679,5
1-hop,41225,10,307.3417999985395,5
1-hop,41225,11,282.2066000007908,5
1-hop,41225,12,290.176500002417,5
1-hop,41225,13,349.2478000007395,5
1-hop,41225,14,299.07010000169976,5
1-hop,41225,15,417.2642999983509,5
1-hop,41225,16,306.92320000162,5
1-hop,41225,17,307.0730999970692,5
1-hop,41225,18,409.95099999781814,5
1-hop,41225,19,409.7336000013456,5
1-hop,41225,20,306.79130000135046,5
1-hop,41225,21,409.1072000010172,5
1-hop,41225,22,337.1384999991278,5
1-hop,41225,23,379.8525999991398,5
1-hop,41225,24,306.94519999815384,5
1-hop,41225,25,307.09489999935613,5
1-hop,41225,26,409.36209999927087,5
1-hop,41225,27,409.60899999845424,5
1-hop,41225,28,307.15300000156276,5
1-hop,41225,29,409.5000999986951,5
1-hop,41225,30,409.70650000235764,5
1-hop,41225,31,306.5810000007332,5
1-hop,41225,32,307.3064999989583,5
1-hop,41225,33,409.55310000208556,5
1-hop,41225,34,409.4857000018237,5
1-hop,41225,35,307.2786000011547,5
1-hop,41225,36,409.3291999997746,5
1-hop,41225,37,410.0505999995221,5
1-hop,41225,38,306.3655000005383,5
1-hop,41225,39,280.84970000054454,5
1-hop,41225,40,333.7119999996503,5
1-hop,41225,41,409.26820000095177,5
1-hop,41225,42,398.14380000098026,5
1-hop,41225,43,281.9372000012663,5
1-hop,41225,44,445.8539999977802,5
1-hop,41225,45,409.52459999971325,5
1-hop,41225,46,306.6822999971919,5
1-hop,41225,47,409.7586999996565,5
1-hop,41225,48,287.91239999918616,5
1-hop,41225,49,326.20959999985644,5
1-hop,41225,50,307.00309999883757,5
1-hop,41225,51,292.553900002531,5
1-hop,41225,52,322.01890000214917,5
1-hop,41225,53,307.02410000230884,5
1-hop,41225,54,409.01319999829866,5
1-hop,41225,55,409.40689999843016,5
1-hop,41225,56,307.4257000007492,5
1-hop,41225,57,307.20840000140015,5
1-hop,41225,58,379.25130000076024,5
1-hop,41225,59,439.41419999828213,5
1-hop,41225,60,282.63069999957224,5
1-hop,41225,61,331.67540000067675,5
1-hop,41225,62,310.30050000117626,5
1-hop,41225,63,406.25830000135466,5
1-hop,41225,64,409.66169999956037,5
1-hop,41225,65,280.5134000009275,5
1-hop,41225,66,279.9812000012025,5
1-hop,41225,67,463.07770000203163,5
1-hop,41225,68,307.311500000651,5
1-hop,41225,69,307.0234000006167,5
1-hop,41225,70,620.6512999997358,5
1-hop,41225,71,300.54460000246763,5
1-hop,41225,72,276.4975999998569,5
1-hop,41225,73,440.27249999999185,5
1-hop,41225,74,409.47939999750815,5
1-hop,41225,75,306.91830000068876,5
1-hop,41225,76,290.4698999991524,5
1-hop,41225,77,426.4075999999477,5
1-hop,41225,78,409.4972000020789,5
1-hop,41225,79,409.521900000982,5
1-hop,41225,80,409.21499999967637,5
1-hop,41225,81,307.276899999124,5
1-hop,41225,82,306.9949999990058,5
1-hop,41225,83,307.123300000967,5
1-hop,41225,84,307.01869999757037,5
1-hop,41225,85,409.5121000027575,5
1-hop,41225,86,406.12740000142367,5
1-hop,41225,87,312.14380000164965,5
1-hop,41225,88,407.7914999979839,5
1-hop,41225,89,409.60229999836884,5
1-hop,41225,90,409.38619999724324,5
1-hop,41225,91,409.3629000017245,5
1-hop,41225,92,291.4783999985957,5
1-hop,41225,93,378.58499999856576,5
1-hop,41225,94,294.02119999940624,5
1-hop,41225,95,367.3270999970555,5
1-hop,41225,96,305.86359999870183,5
1-hop,41225,97,307.27589999878546,5
1-hop,41225,98,622.8601000002527,5
1-hop,41225,99,302.76690000027884,5
1-hop,41225,100,302.5137000004179,5
1-hop,168110,1,307.9938000009861,5
1-hop,168110,2,308.5313000010501,5
1-hop,168110,3,307.1769999987737,5
1-hop,168110,4,305.3823000009288,5
1-hop,168110,5,307.82019999969634,5
1-hop,168110,6,307.2095999996236,5
1-hop,168110,7,306.6201999972691,5
1-hop,168110,8,308.51110000003246,5
1-hop,168110,9,511.46000000153435,5
1-hop,168110,10,306.473200002074,5
1-hop,168110,11,306.8206999996619,5
1-hop,168110,12,306.855099999666,5
1-hop,168110,13,409.5173999994586,5
1-hop,168110,14,308.2412000003387,5
1-hop,168110,15,408.2707000015944,5
1-hop,168110,16,409.64639999947394,5
1-hop,168110,17,313.0081999988761,5
1-hop,168110,18,301.87410000144155,5
1-hop,168110,19,313.982900002884,5
1-hop,168110,20,299.6026000000711,5
1-hop,168110,21,312.98899999819696,5
1-hop,168110,22,409.3795000007958,5
1-hop,168110,23,409.40600000249106,5
1-hop,168110,24,302.35349999929895,5
1-hop,168110,25,307.24910000208183,5
1-hop,168110,26,306.00289999711094,5
1-hop,168110,27,307.3335000008228,5
1-hop,168110,28,543.4176999988267,5
1-hop,168110,29,309.16879999858793,5
1-hop,168110,30,283.7310000031721,5
1-hop,168110,31,281.3863000010315,5
1-hop,168110,32,295.7825000012235,5
1-hop,168110,33,280.56480000304873,5
1-hop,168110,34,283.72699999817996,5
1-hop,168110,35,363.7283000025491,5
1-hop,168110,36,327.46299999780604,5
1-hop,168110,37,306.59120000200346,5
1-hop,168110,38,307.1931999984372,5
1-hop,168110,39,307.65489999976126,5
1-hop,168110,40,374.4196000006923,5
1-hop,168110,41,341.35650000098394,5
1-hop,168110,42,410.1531000014802,5
1-hop,168110,43,409.37230000054114,5
1-hop,168110,44,284.3871000004583,5
1-hop,168110,45,329.22139999936917,5
1-hop,168110,46,409.6122999981162,5
1-hop,168110,47,409.680800003116,5
1-hop,168110,48,306.77050000304007,5
1-hop,168110,49,280.769799999689,5
1-hop,168110,50,334.63990000018384,5
1-hop,168110,51,305.99639999854844,5
1-hop,168110,52,307.45350000142935,5
1-hop,168110,53,292.3599000023387,5
1-hop,168110,54,284.7046999995655,5
1-hop,168110,55,278.873700000986,5
1-hop,168110,56,371.8327999995381,5
1-hop,168110,57,308.8008999984595,5
1-hop,168110,58,408.60439999960363,5
1-hop,168110,59,306.9703000001027,5
1-hop,168110,60,293.43380000136676,5
1-hop,168110,61,288.652600000205,5
1-hop,168110,62,279.43579999919166,5
1-hop,168110,63,296.4302000000316,5
1-hop,168110,64,284.4258000004629,5
1-hop,168110,65,290.79949999868404,5
1-hop,168110,66,286.1015000016778,5
1-hop,168110,67,334.45690000007744,5
1-hop,168110,68,283.3520000021963,5
1-hop,168110,69,432.99219999971683,5
1-hop,168110,70,282.06520000094315,5
1-hop,168110,71,283.76899999784655,5
1-hop,168110,72,457.76779999869177,5
1-hop,168110,73,414.9137000022165,5
1-hop,168110,74,281.23930000219843,5
1-hop,168110,75,285.1797000002989,5
1-hop,168110,76,349.8317000012321,5
1-hop,168110,77,306.6389000014169,5
1-hop,168110,78,306.81080000067595,5
1-hop,168110,79,409.8584999992454,5
1-hop,168110,80,306.971900001372,5
1-hop,168110,81,307.58979999882285,5
1-hop,168110,82,408.7187000004633,5
1-hop,168110,83,307.0090999972308,5
1-hop,168110,84,411.6599999979371,5
1-hop,168110,85,305.3648000022804,5
1-hop,168110,86,308.6784000006446,5
1-hop,168110,87,304.91429999892716,5
1-hop,168110,88,306.5835000015795,5
1-hop,168110,89,307.59410000246135,5
1-hop,168110,90,377.3044999979902,5
1-hop,168110,91,339.0919999983453,5
1-hop,168110,92,307.4125000021013,5
1-hop,168110,93,306.6686000020127,5
1-hop,168110,94,286.82560000015656,5
1-hop,168110,95,327.9896000021836,5
1-hop,168110,96,409.42789999826346,5
1-hop,168110,97,306.7730999973719,5
1-hop,168110,98,306.47809999936726,5
1-hop,168110,99,307.23159999979543,5
1-hop,168110,100,307.41480000142474,5
1-hop,305217,1,307.48769999991055,5
1-hop,305217,2,408.9514000006602,5
1-hop,305217,3,307.0936000003712,5
1-hop,305217,4,408.87650000149733,5
1-hop,305217,5,285.0801999993564,5
1-hop,305217,6,330.13410000057775,5
1-hop,305217,7,306.8346999971254,5
1-hop,305217,8,306.93199999950593,5
1-hop,305217,9,307.4194000000716,5
1-hop,305217,10,307.18809999962104,5
1-hop,305217,11,284.15680000034627,5
1-hop,305217,12,329.7677000009571,5
1-hop,305217,13,307.11950000113575,5
1-hop,305217,14,287.99489999801153,5
1-hop,305217,15,326.23059999968973,5
1-hop,305217,16,306.9017999987409,5
1-hop,305217,17,409.4879000003857,5
1-hop,305217,18,410.2229999989504,5
1-hop,305217,19,306.8118000010145,5
1-hop,305217,20,306.1366000001726,5
1-hop,305217,21,307.1185999979207,5
1-hop,305217,22,292.947699999786,5
1-hop,305217,23,321.9455999969796,5
1-hop,305217,24,307.06369999825256,5
1-hop,305217,25,295.76409999936004,5
1-hop,305217,26,303.65600000004633,5
1-hop,305217,27,284.23779999866383,5
1-hop,305217,28,285.6031000010262,5
1-hop,305217,29,282.8012999998464,5
1-hop,305217,30,286.5488000024925,5
1-hop,305217,31,279.63919999820064,5
1-hop,305217,32,335.72600000115926,5
1-hop,305217,33,283.58460000163177,5
1-hop,305217,34,285.4598999983864,5
1-hop,305217,35,352.0637000001443,5
1-hop,305217,36,306.57219999920926,5
1-hop,305217,37,307.11019999944256,5
1-hop,305217,38,291.5078000005451,5
1-hop,305217,39,322.5501000015356,5
1-hop,305217,40,409.34420000121463,5
1-hop,305217,41,534.5124999985273,5
1-hop,305217,42,386.8127000023378,5
1-hop,305217,43,307.83599999995204,5
1-hop,305217,44,307.0881999992707,5
1-hop,305217,45,409.10060000169324,5
1-hop,305217,46,409.27349999765283,5
1-hop,305217,47,287.6183999978821,5
1-hop,305217,48,430.27689999871654,5
1-hop,305217,49,409.74780000033206,5
1-hop,305217,50,306.14799999966635,5
1-hop,305217,51,307.99040000056266,5
1-hop,305217,52,309.78789999790024,5
1-hop,305217,53,408.0448999993678,5
1-hop,305217,54,406.5388000017265,5
1-hop,305217,55,307.4739000003319,5
1-hop,305217,56,420.84149999936926,5
1-hop,305217,57,397.6236999988032,5
1-hop,305217,58,307.78210000062245,5
1-hop,305217,59,408.9568999988842,5
1-hop,305217,60,307.4104000006628,5
1-hop,305217,61,409.4694999985222,5
1-hop,305217,62,409.5224999982747,5
1-hop,305217,63,409.5201999989513,5
1-hop,305217,64,307.17949999962,5
1-hop,305217,65,312.66669999968144,5
1-hop,305217,66,409.2522999999346,5
1-hop,305217,67,412.3220000001311,5
1-hop,305217,68,298.4919999980775,5
1-hop,305217,69,409.1770999984874,5
1-hop,305217,70,409.70259999812697,5
1-hop,305217,71,313.1060999985493,5
1-hop,305217,72,409.11659999983385,5
1-hop,305217,73,403.9694999992207,5
1-hop,305217,74,306.8536999999196,5
1-hop,305217,75,307.39119999998366,5
1-hop,305217,76,410.1290999969933,5
1-hop,305217,77,414.82920000271406,5
1-hop,305217,78,300.75339999893913,5
1-hop,305217,79,312.8319999996165,5
1-hop,305217,80,302.0648000019719,5
1-hop,305217,81,409.0310999999929,5
1-hop,305217,82,312.55520000195247,5
1-hop,305217,83,301.33919999934733,5
1-hop,305217,84,306.51679999937187,5
1-hop,305217,85,307.66959999891696,5
1-hop,305217,86,306.8371000008483,5
1-hop,305217,87,307.46060000092257,5
1-hop,305217,88,409.4212999989395,5
1-hop,305217,89,338.9074000006076,5
1-hop,305217,90,378.9695000014035,5
1-hop,305217,91,408.09140000055777,5
1-hop,305217,92,408.4079999993264,5
1-hop,305217,93,308.4962000029918,5
1-hop,305217,94,312.51720000000205,5
1-hop,305217,95,410.35939999710536,5
1-hop,305217,96,409.62620000209427,5
1-hop,305217,97,300.79380000097444,5
1-hop,305217,98,409.02659999846946,5
1-hop,305217,99,410.4936000003363,5
1-hop,305217,100,314.6212999999989,5
1-hop,419359,1,299.30009999952745,5
1-hop,419359,2,409.74090000236174,5
1-hop,419359,3,408.549599997059,5
1-hop,419359,4,308.23749999763095,5
1-hop,419359,5,410.42709999965155,5
1-hop,419359,6,304.13859999680426,5
1-hop,419359,7,410.9435999998823,5
1-hop,419359,8,306.892999997217,5
1-hop,419359,9,408.7861000007251,5
1-hop,419359,10,307.49570000261883,5
1-hop,419359,11,280.09880000172416,5
1-hop,419359,12,334.5040999993216,5
1-hop,419359,13,307.28580000140937,5
1-hop,419359,14,306.4584999992803,5
1-hop,419359,15,307.608999999502,5
1-hop,419359,16,306.7510999972001,5
1-hop,419359,17,409.3750000029104,5
1-hop,419359,18,409.80620000118506,5
1-hop,419359,19,306.68539999896893,5
1-hop,419359,20,409.59440000006,5
1-hop,419359,21,307.5080999988131,5
1-hop,419359,22,284.75909999906435,5
1-hop,419359,23,431.8711000014446,5
1-hop,419359,24,409.16940000170143,5
1-hop,419359,25,306.65829999998095,5
1-hop,419359,26,311.61489999794867,5
1-hop,419359,27,403.7571000008029,5
1-hop,419359,28,411.18790000109584,5
1-hop,419359,29,390.12109999748645,5
1-hop,419359,30,287.5534000013431,5
1-hop,419359,31,550.4390000023704,5
1-hop,419359,32,293.99689999991097,5
1-hop,419359,33,320.78460000047926,5
1-hop,419359,34,281.52789999876404,5
1-hop,419359,35,425.9721000016725,5
1-hop,419359,36,418.3181999978842,5
1-hop,419359,37,306.7555999987235,5
1-hop,419359,38,409.8998000008578,5
1-hop,419359,39,408.97209999820916,5
1-hop,419359,40,306.8801000008534,5
1-hop,419359,41,303.1517999988864,5
1-hop,419359,42,311.64020000142045,5
1-hop,419359,43,409.0591999993194,5
1-hop,419359,44,306.9297000001825,5
1-hop,419359,45,281.88389999922947,5
1-hop,419359,46,332.68979999775183,5
1-hop,419359,47,307.2016000005533,5
1-hop,419359,48,312.15099999826634,5
1-hop,419359,49,404.0377000019362,5
1-hop,419359,50,409.4589000014821,5
1-hop,419359,51,307.49809999906574,5
1-hop,419359,52,306.7702999978792,5
1-hop,419359,53,409.8364000019501,5
1-hop,419359,54,409.15139999924577,5
1-hop,419359,55,307.09120000028634,5
1-hop,419359,56,409.2163999994227,5
1-hop,419359,57,409.57690000141156,5
1-hop,419359,58,287.84920000180136,5
1-hop,419359,59,317.81279999995604,5
1-hop,419359,60,316.90770000204793,5
1-hop,419359,61,306.8695000001753,5
1-hop,419359,62,292.6692000000912,5
1-hop,419359,63,321.0583999971277,5
1-hop,419359,64,409.6194999983709,5
1-hop,419359,65,408.5352000001876,5
1-hop,419359,66,307.9073000008066,5
1-hop,419359,67,305.47369999840157,5
1-hop,419359,68,308.62079999860725,5
1-hop,419359,69,283.40169999864884,5
1-hop,419359,70,284.2740000014601,5
1-hop,419359,71,349.0472999983467,5
1-hop,419359,72,311.59889999980805,5
1-hop,419359,73,530.4942000002484,5
1-hop,419359,74,390.1764000002004,5
1-hop,419359,75,409.2424000009487,5
1-hop,419359,76,409.41970000130823,5
1-hop,419359,77,307.0283999986714,5
1-hop,419359,78,409.7161000026972,5
1-hop,419359,79,409.4178999985161,5
1-hop,419359,80,306.9973999990907,5
1-hop,419359,81,307.4108000000706,5
1-hop,419359,82,408.96799999973155,5
1-hop,419359,83,409.73509999821545,5
1-hop,419359,84,307.5100999994902,5
1-hop,419359,85,281.89860000202316,5
1-hop,419359,86,286.48299999986193,5
1-hop,419359,87,282.99580000020796,5
1-hop,419359,88,278.4002000007604,5
1-hop,419359,89,302.83760000020266,5
1-hop,419359,90,409.19249999933527,5
1-hop,419359,91,307.36849999811966,5
1-hop,419359,92,307.04449999757344,5
1-hop,419359,93,512.5284999994619,5
1-hop,419359,94,409.1389999994135,5
1-hop,419359,95,306.39679999876535,5
1-hop,419359,96,307.546199997887,5
1-hop,419359,97,409.04669999872567,5
1-hop,419359,98,409.4058999980916,5
1-hop,419359,99,307.3356999993848,5
1-hop,419359,100,409.47269999742275,5
2-hop,189,1,354.1552999995474,2
2-hop,189,2,291.8711999991501,2
2-hop,189,3,377.8405999983079,2
2-hop,189,4,409.0933000006771,2
2-hop,189,5,306.4807999980985,2
2-hop,189,6,409.9348999989161,2
2-hop,189,7,307.14159999843105,2
2-hop,189,8,307.29079999946407,2
2-hop,189,9,306.78249999982654,2
2-hop,189,10,310.0704999997106,2
2-hop,189,11,278.622700003325,2
2-hop,189,12,332.66870000079507,2
2-hop,189,13,306.8633000002592,2
2-hop,189,14,280.9906000002229,2
2-hop,189,15,279.5211000011477,2
2-hop,189,16,360.91769999984535,2
2-hop,189,17,308.1887000007555,2
2-hop,189,18,309.613100002025,2
2-hop,189,19,303.9208000009239,2
2-hop,189,20,306.4225999987684,2
2-hop,189,21,307.34970000048634,2
2-hop,189,22,408.734500000719,2
2-hop,189,23,409.9348999989161,2
2-hop,189,24,409.7407999979623,2
2-hop,189,25,409.2637999965518,2
2-hop,189,26,307.2124000027543,2
2-hop,189,27,307.8855999992811,2
2-hop,189,28,306.9309000020439,2
2-hop,189,29,311.57530000200495,2
2-hop,189,30,280.1696999995329,2
2-hop,189,31,329.05209999807994,2
2-hop,189,32,408.8686000031885,2
2-hop,189,33,307.7226999994309,2
2-hop,189,34,306.69379999744706,2
2-hop,189,35,330.8578999967722,2
2-hop,189,36,386.4887000017916,2
2-hop,189,37,395.5210999993142,2
2-hop,189,38,422.42740000074264,2
2-hop,189,39,411.0326999980316,2
2-hop,189,40,305.9644999993907,2
2-hop,189,41,306.8509000004269,2
2-hop,189,42,319.71550000162097,2
2-hop,189,43,397.3028999971575,2
2-hop,189,44,409.06270000050426,2
2-hop,189,45,307.381799997529,2
2-hop,189,46,306.36620000223047,2
2-hop,189,47,282.5822999984666,2
2-hop,189,48,284.7417000011774,2
2-hop,189,49,354.23380000065663,2
2-hop,189,50,307.2429000021657,2
2-hop,189,51,409.23209999891696,2
2-hop,189,52,284.27510000256007,2
2-hop,189,53,431.9617000001017,2
2-hop,189,54,410.22439999869675,2
2-hop,189,55,307.2080999991158,2
2-hop,189,56,306.14950000017416,2
2-hop,189,57,410.3241999982856,2
2-hop,189,58,409.61439999955473,2
2-hop,189,59,307.1267999985139,2
2-hop,189,60,408.79710000081104,2
2-hop,189,61,409.5342999971763,2
2-hop,189,62,307.34250000023167,2
2-hop,189,63,306.9476999990002,2
2-hop,189,64,409.44909999961965,2
2-hop,189,65,382.261999999173,2
2-hop,189,66,334.2499999998836,2
2-hop,189,67,597.3358999981428,2
2-hop,189,68,323.9687999994203,2
2-hop,189,69,409.70500000184984,2
2-hop,189,70,511.93720000082976,2
2-hop,189,71,288.21590000006836,2
2-hop,189,72,325.5778000020655,2
2-hop,189,73,408.476000000519,2
2-hop,189,74,307.9215999969165,2
2-hop,189,75,282.0491000020411,2
2-hop,189,76,434.8491999990074,2
2-hop,189,77,623.2071999984328,2
2-hop,189,78,613.1069999973988,2
2-hop,189,79,401.7840000014985,2
2-hop,189,80,409.0801000020292,2
2-hop,189,81,307.37040000167326,2
2-hop,189,82,307.10589999944204,2
2-hop,189,83,409.69639999821084,2
2-hop,189,84,306.93049999899813,2
2-hop,189,85,280.9549000012339,2
2-hop,189,86,281.40459999849554,2
2-hop,189,87,284.0128999996523,2
2-hop,189,88,279.5153000006394,2
2-hop,189,89,409.8754000006011,2
2-hop,189,90,306.5779000025941,2
2-hop,189,91,410.3700999985449,2
2-hop,189,92,409.1809999990801,2
2-hop,189,93,306.73190000015893,2
2-hop,189,94,302.8139999987616,2
2-hop,189,95,516.6108999983408,2
2-hop,189,96,305.8195000012347,2
2-hop,189,97,280.9693999988667,2
2-hop,189,98,360.6130000007397,2
2-hop,189,99,383.16199999826495,2
2-hop,189,100,330.9001999987231,2
2-hop,6810,1,301.3089999985823,1
2-hop,6810,2,290.5876000004355,1
2-hop,6810,3,606.2058999996225,1
2-hop,6810,4,308.49619999935385,1
2-hop,6810,5,517.3078999978316,1
2-hop,6810,6,307.32050000005984,1
2-hop,6810,7,306.2348000021302,1
2-hop,6810,8,410.7863000026555,1
2-hop,6810,9,408.5013000003528,1
2-hop,6810,10,307.12710000079824,1
2-hop,6810,11,306.39220000011846,1
2-hop,6810,12,409.6374000000651,1
2-hop,6810,13,409.20120000009774,1
2-hop,6810,14,307.1676999970805,1
2-hop,6810,15,409.6489000003203,1
2-hop,6810,16,409.1733999994176,1
2-hop,6810,17,307.3620999966806,1
2-hop,6810,18,307.3284000020067,1
2-hop,6810,19,409.84430000025895,1
2-hop,6810,20,409.14369999882183,1
2-hop,6810,21,307.1183000029123,1
2-hop,6810,22,409.1234000006807,1
2-hop,6810,23,409.8943999997573,1
2-hop,6810,24,306.6815999991377,1
2-hop,6810,25,306.841000001441,1
2-hop,6810,26,409.3862999980047,1
2-hop,6810,27,409.7005999974499,1
2-hop,6810,28,307.1849000007205,1
2-hop,6810,29,409.8639000003459,1
2-hop,6810,30,410.18780000013066,1
2-hop,6810,31,305.970299999899,1
2-hop,6810,32,307.0878000035009,1
2-hop,6810,33,311.56019999980344,1
2-hop,6810,34,303.14480000015465,1
2-hop,6810,35,408.859899998788,1
2-hop,6810,36,512.1309999994992,1
2-hop,6810,37,302.6936000023852,1
2-hop,6810,38,516.5293999998539,1
2-hop,6810,39,409.2641999995976,1
2-hop,6810,40,621.6510999984166,1
2-hop,6810,41,401.81289999964065,1
2-hop,6810,42,289.38990000096965,1
2-hop,6810,43,530.0630000019737,1
2-hop,6810,44,409.53069999886793,1
2-hop,6810,45,621.1821000033524,1
2-hop,6810,46,614.9936999972851,1
2-hop,6810,47,401.2431999981345,1
2-hop,6810,48,307.7501999978267,1
2-hop,6810,49,408.9414999980363,1
2-hop,6810,50,307.5215999997454,1
2-hop,6810,51,409.55119999853196,1
2-hop,6810,52,408.57300000061514,1
2-hop,6810,53,307.4928000023647,1
2-hop,6810,54,409.3939999984286,1
2-hop,6810,55,307.74899999960326,1
2-hop,6810,56,306.273100002727,1
2-hop,6810,57,307.1278000024904,1
2-hop,6810,58,621.7274999980873,1
2-hop,6810,59,316.5439000003971,1
2-hop,6810,60,292.9292999979225,1
2-hop,6810,61,406.60899999784306,1
2-hop,6810,62,409.5768000006501,1
2-hop,6810,63,307.28350000208593,1
2-hop,6810,64,306.90319999848725,1
2-hop,6810,65,410.62430000238237,1
2-hop,6810,66,408.47170000051847,1
2-hop,6810,67,306.9011999978102,1
2-hop,6810,68,307.56969999856665,1
2-hop,6810,69,410.0542000014684,1
2-hop,6810,70,408.48080000068876,1
2-hop,6810,71,307.400100002269,1
2-hop,6810,72,409.2064000033133,1
2-hop,6810,73,409.90660000170465,1
2-hop,6810,74,306.22220000077505,1
2-hop,6810,75,311.60169999930076,1
2-hop,6810,76,285.3551000007428,1
2-hop,6810,77,285.390400000324,1
2-hop,6810,78,522.4984999986191,1
2-hop,6810,79,438.7507000028563,1
2-hop,6810,80,408.92710000116494,1
2-hop,6810,81,307.41809999744873,1
2-hop,6810,82,408.6788000022352,1
2-hop,6810,83,410.2018000012322,1
2-hop,6810,84,306.7278999988048,1
2-hop,6810,85,307.52660000143806,1
2-hop,6810,86,409.2060000002675,1
2-hop,6810,87,410.11620000062976,1
2-hop,6810,88,306.4904999991995,1
2-hop,6810,89,409.9266000011994,1
2-hop,6810,90,409.4790000017383,1
2-hop,6810,91,305.9429999993881,1
2-hop,6810,92,298.95010000109323,1
2-hop,6810,93,426.5543000001344,1
2-hop,6810,94,401.7241000001377,1
2-hop,6810,95,307.12209999910556,1
2-hop,6810,96,408.5979999981646,1
2-hop,6810,97,410.4494000021077,1
2-hop,6810,98,307.0785000018077,1
2-hop,6810,99,306.17089999941527,1
2-hop,6810,100,409.64549999989686,1
2-hop,8413,1,512.0353000020259,1
2-hop,8413,2,409.1705999999249,1
2-hop,8413,3,621.9297999996343,1
2-hop,8413,4,299.38100000072154,1
2-hop,8413,5,307.16940000274917,1
2-hop,8413,6,282.746999997471,1
2-hop,8413,7,535.5248999985633,1
2-hop,8413,8,308.5075999988476,1
2-hop,8413,9,307.0689999985916,1
2-hop,8413,10,306.7778000004182,1
2-hop,8413,11,409.5409000001382,1
2-hop,8413,12,409.32579999935115,1
2-hop,8413,13,410.7406000002811,1
2-hop,8413,14,304.47239999921294,1
2-hop,8413,15,307.75849999918137,1
2-hop,8413,16,307.4856999992335,1
2-hop,8413,17,307.8434999988531,1
2-hop,8413,18,512.3864999986836,1
2-hop,8413,19,624.4853999996849,1
2-hop,8413,20,301.84949999966193,1
2-hop,8413,21,301.2017000000924,1
2-hop,8413,22,306.70789999931003,1
2-hop,8413,23,410.47249999974156,1
2-hop,8413,24,408.4880999980669,1
2-hop,8413,25,307.12710000079824,1
2-hop,8413,26,307.4723999998241,1
2-hop,8413,27,409.0345000004163,1
2-hop,8413,28,287.49170000082813,1
2-hop,8413,29,428.98649999915506,1
2-hop,8413,30,410.01740000137943,1
2-hop,8413,31,408.98699999888777,1
2-hop,8413,32,307.8266000011354,1
2-hop,8413,33,306.26480000137235,1
2-hop,8413,34,410.3326000004017,1
2-hop,8413,35,409.16350000043167,1
2-hop,8413,36,307.0851999982551,1
2-hop,8413,37,408.9412999965134,1
2-hop,8413,38,410.1488000014797,1
2-hop,8413,39,306.17960000017774,1
2-hop,8413,40,307.34790000133216,1
2-hop,8413,41,410.75569999884465,1
2-hop,8413,42,408.2859999980428,1
2-hop,8413,43,306.95599999671686,1
2-hop,8413,44,409.69780000159517,1
2-hop,8413,45,409.2421999994258,1
2-hop,8413,46,307.07189999884577,1
2-hop,8413,47,307.240099999035,1
2-hop,8413,48,409.4733999991149,1
2-hop,8413,49,409.32669999892823,1
2-hop,8413,50,307.3235999981989,1
2-hop,8413,51,410.0864000029105,1
2-hop,8413,52,404.8301000002539,1
2-hop,8413,53,310.8652000009897,1
2-hop,8413,54,312.30239999786136,1
2-hop,8413,55,404.39820000028703,1
2-hop,8413,56,284.14449999763747,1
2-hop,8413,57,432.7330999985861,1
2-hop,8413,58,410.03270000146586,1
2-hop,8413,59,408.8670999990427,1
2-hop,8413,60,305.9906999988016,1
2-hop,8413,61,308.39449999984936,1
2-hop,8413,62,305.835000002844,1
2-hop,8413,63,307.82019999969634,1
2-hop,8413,64,287.27530000105617,1
2-hop,8413,65,327.6384999990114,1
2-hop,8413,66,408.7504000017361,1
2-hop,8413,67,622.444100001303,1
2-hop,8413,68,299.5578999980353,1
2-hop,8413,69,408.9330999995582,1
2-hop,8413,70,307.2494999978517,1
2-hop,8413,71,410.29709999929764,1
2-hop,8413,72,408.5415000008652,1
2-hop,8413,73,409.35569999783183,1
2-hop,8413,74,307.03450000146404,1
2-hop,8413,75,307.5200999992376,1
2-hop,8413,76,409.06639999957406,1
2-hop,8413,77,409.6669999998994,1
2-hop,8413,78,307.242300001235,1
2-hop,8413,79,306.90060000051744,1
2-hop,8413,80,409.694900001341,1
2-hop,8413,81,409.14340000017546,1
2-hop,8413,82,307.60949999967124,1
2-hop,8413,83,354.2429000008269,1
2-hop,8413,84,361.9219000029261,1
2-hop,8413,85,307.4836999985564,1
2-hop,8413,86,511.41500000085216,1
2-hop,8413,87,409.96329999688896,1
2-hop,8413,88,307.70769999799086,1
2-hop,8413,89,305.5300999985775,1
2-hop,8413,90,388.62169999993057,1
2-hop,8413,91,328.4960000019055,1
2-hop,8413,92,409.9954000012076,1
2-hop,8413,93,398.01639999859617,1
2-hop,8413,94,420.12160000012955,1
2-hop,8413,95,307.6156999995874,1
2-hop,8413,96,306.9197999975586,1
2-hop,8413,97,310.4505000010249,1
2-hop,8413,98,405.15529999902355,1
2-hop,8413,99,307.0460000017192,1
2-hop,8413,100,279.8727000008512,1
2-hop,16890,1,334.94509999945876,0
2-hop,16890,2,511.8341999987024,0
2-hop,16890,3,409.9917999992613,0
2-hop,16890,4,408.95589999854565,0
2-hop,16890,5,287.5443999982963,0
2-hop,16890,6,531.7825999991328,0
2-hop,16890,7,409.1690999994171,0
2-hop,16890,8,622.1207000016875,0
2-hop,16890,9,401.88230000057956,0
2-hop,16890,10,295.8617999975104,0
2-hop,16890,11,284.26369999942835,0
2-hop,16890,12,346.45629999795347,0
2-hop,16890,13,304.22750000070664,0
2-hop,16890,14,304.87340000036056,0
2-hop,16890,15,289.33089999918593,0
2-hop,16890,16,324.7324000003573,0
2-hop,16890,17,284.53559999979916,0
2-hop,16890,18,331.15400000315276,0
2-hop,16890,19,305.2105999995547,0
2-hop,16890,20,283.88730000006035,0
2-hop,16890,21,477.2272000009252,0
2-hop,16890,22,357.7924000019266,0
2-hop,16890,23,518.3804000007513,0
2-hop,16890,24,285.8142000004591,0
2-hop,16890,25,283.89899999820045,0
2-hop,16890,26,285.47360000084154,0
2-hop,16890,27,285.6485000011162,0
2-hop,16890,28,287.2243999991042,0
2-hop,16890,29,315.7489000004716,0
2-hop,16890,30,312.74739999935264,0
2-hop,16890,31,401.27320000101463,0
2-hop,16890,32,280.7840999994369,0
2-hop,16890,33,332.2741000010865,0
2-hop,16890,34,311.2684999978228,0
2-hop,16890,35,307.4622000021918,0
2-hop,16890,36,343.71959999771207,0
2-hop,16890,37,422.4193000009109,0
2-hop,16890,38,389.0033999996376,0
2-hop,16890,39,478.2746999990195,0
2-hop,16890,40,284.4422000016493,0
2-hop,16890,41,285.78080000079353,0
2-hop,16890,42,284.0438000021095,0
2-hop,16890,43,372.9741999995895,0
2-hop,16890,44,409.5047999981034,0
2-hop,16890,45,387.4318999987736,0
2-hop,16890,46,283.97640000184765,0
2-hop,16890,47,368.4778999995615,0
2-hop,16890,48,290.80830000020796,0
2-hop,16890,49,301.50099999809754,0
2-hop,16890,50,414.73510000287206,0
2-hop,16890,51,624.9926000018604,0
2-hop,16890,52,308.25280000135535,0
2-hop,16890,53,499.8706999977003,0
2-hop,16890,54,622.7137000023504,0
2-hop,16890,55,613.2833999981813,0
2-hop,16890,56,401.98400000008405,0
2-hop,16890,57,409.1589000017848,0
2-hop,16890,58,307.07860000256915,0
2-hop,16890,59,290.2555000000575,0
2-hop,16890,60,285.2403000033519,0
2-hop,16890,61,550.8829000027617,0
2-hop,16890,62,306.76540000058594,0
2-hop,16890,63,409.47610000148416,0
2-hop,16890,64,1733.2122000007075,0
2-hop,16890,65,295.56379999849014,0
2-hop,16890,66,297.68500000136555,0
2-hop,16890,67,335.17379999830155,0
2-hop,16890,68,306.78160000024945,0
2-hop,16890,69,484.39239999788697,0
2-hop,16890,70,295.67170000154874,0
2-hop,16890,71,346.11239999867394,0
2-hop,16890,72,491.4332000007562,0
2-hop,16890,73,490.56800000107614,0
2-hop,16890,74,486.94569999861415,0
2-hop,16890,75,293.33170000245445,0
2-hop,16890,76,469.03219999876455,0
2-hop,16890,77,294.82289999941713,0
2-hop,16890,78,339.7084999996878,0
2-hop,16890,79,307.2557000014058,0
2-hop,16890,80,409.7634999998263,0
2-hop,16890,81,302.9255000001285,0
2-hop,16890,82,295.69179999816697,0
2-hop,16890,83,304.04929999713204,0
2-hop,16890,84,301.12159999771393,0
2-hop,16890,85,294.35820000071544,0
2-hop,16890,86,299.3873000013991,0
2-hop,16890,87,294.29479999816976,0
2-hop,16890,88,295.91269999946235,0
2-hop,16890,89,316.3613000033365,0
2-hop,16890,90,452.980000001844,0
2-hop,16890,91,318.12360000185436,0
2-hop,16890,92,388.5472000001755,0
2-hop,16890,93,337.11439999751747,0
2-hop,16890,94,331.375300000218,0
2-hop,16890,95,421.67000000335975,0
2-hop,16890,96,297.58550000042305,0
2-hop,16890,97,285.50650000033784,0
2-hop,16890,98,285.2444000018295,0
2-hop,16890,99,281.7007999983616,0
2-hop,16890,100,279.3764000016381,0
2-hop,35347,1,288.7062000008882,0
2-hop,35347,2,284.5740000011574,0
2-hop,35347,3,281.8905999993149,0
2-hop,35347,4,286.1163999987184,0
2-hop,35347,5,281.6521999993711,0
2-hop,35347,6,278.41260000059265,0
2-hop,35347,7,279.6702000014193,0
2-hop,35347,8,278.5054999985732,0
2-hop,35347,9,289.98199999841745,0
2-hop,35347,10,280.51960000084364,0
2-hop,35347,11,281.16330000193557,0
2-hop,35347,12,278.6474000022281,0
2-hop,35347,13,285.1126000023214,0
2-hop,35347,14,315.1169000011578,0
2-hop,35347,15,283.0541000002995,0
2-hop,35347,16,280.5058999983885,0
2-hop,35347,17,315.06070000250475,0
2-hop,35347,18,278.80759999970905,0
2-hop,35347,19,280.03699999680975,0
2-hop,35347,20,298.6669999991136,0
2-hop,35347,21,306.95379999815486,0
2-hop,35347,22,276.529800001299,0
2-hop,35347,23,274.74549999897135,0
2-hop,35347,24,369.5740000002843,0
2-hop,35347,25,364.8057999998855,0
2-hop,35347,26,351.6669999989972,0
2-hop,35347,27,307.49350000041886,0
2-hop,35347,28,409.5562999973481,0
2-hop,35347,29,307.11470000096597,0
2-hop,35347,30,283.13340000022436,0
2-hop,35347,31,282.18569999808096,0
2-hop,35347,32,276.1082999968494,0
2-hop,35347,33,284.330400001636,0
2-hop,35347,34,306.3146999993478,0
2-hop,35347,35,307.4025999994774,0
2-hop,35347,36,306.9833000008657,0
2-hop,35347,37,409.7871000012674,0
2-hop,35347,38,279.1294000016933,0
2-hop,35347,39,437.51459999839426,0
2-hop,35347,40,307.0092999987537,0
2-hop,35347,41,306.60180000268156,0
2-hop,35347,42,307.64189999899827,0
2-hop,35347,43,411.6737000003923,0
2-hop,35347,44,407.0151999985683,0
2-hop,35347,45,409.50489999886486,0
2-hop,35347,46,409.30329999901005,0
2-hop,35347,47,307.0019000006141,0
2-hop,35347,48,410.2448999983608,0
2-hop,35347,49,301.01469999863184,0
2-hop,35347,50,534.060000001773,0
2-hop,35347,51,392.85219999874244,0
2-hop,35347,52,623.9867000003869,0
2-hop,35347,53,297.60650000025635,0
2-hop,35347,54,408.7987000020803,0
2-hop,35347,55,409.4057000002067,0
2-hop,35347,56,322.22149999870453,0
2-hop,35347,57,412.71950000009383,0
2-hop,35347,58,391.34310000008554,0
2-hop,35347,59,307.53310000000056,0
2-hop,35347,60,306.46989999877405,0
2-hop,35347,61,409.4584999984363,0
2-hop,35347,62,409.9384999972244,0
2-hop,35347,63,307.46170000202255,0
2-hop,35347,64,327.8180999986944,0
2-hop,35347,65,279.781199998979,0
2-hop,35347,66,285.17229999852134,0
2-hop,35347,67,334.9086000016541,0
2-hop,35347,68,307.1531999994477,0
2-hop,35347,69,409.4666999990295,0
2-hop,35347,70,307.350499999302,0
2-hop,35347,71,306.7535999980464,0
2-hop,35347,72,307.097299999441,0
2-hop,35347,73,409.33399999994435,0
2-hop,35347,74,409.40820000105305,0
2-hop,35347,75,409.6682999988843,0
2-hop,35347,76,409.7918000006757,0
2-hop,35347,77,306.90949999916484,0
2-hop,35347,78,307.0716000001994,0
2-hop,35347,79,307.0893000003707,0
2-hop,35347,80,307.0958000025712,0
2-hop,35347,81,279.16689999983646,0
2-hop,35347,82,279.93029999925056,0
2-hop,35347,83,280.22490000148537,0
2-hop,35347,84,394.21760000186623,0
2-hop,35347,85,404.46929999961867,0
2-hop,35347,86,307.66829999993206,0
2-hop,35347,87,408.5567000001902,0
2-hop,35347,88,409.5712000016647,0
2-hop,35347,89,307.5674000028812,0
2-hop,35347,90,279.14070000042557,0
2-hop,35347,91,334.77920000223094,0
2-hop,35347,92,409.0875000001688,0
2-hop,35347,93,307.51580000287504,0
2-hop,35347,94,604.6179000004486,0
2-hop,35347,95,322.01329999952577,0
2-hop,35347,96,301.784499999485,0
2-hop,35347,97,306.82770000203163,0
2-hop,35347,98,306.875600002968,0
2-hop,35347,99,409.65570000116713,0
2-hop,35347,100,409.6458000021812,0
2-hop,36521,1,307.327799997438,1
2-hop,36521,2,409.4810000024154,1
2-hop,36521,3,308.1297999997332,1
2-hop,36521,4,306.2054000001808,1
2-hop,36521,5,512.2104000001855,1
2-hop,36521,6,409.3533999985084,1
2-hop,36521,7,306.4576000033412,1
2-hop,36521,8,307.6599999985774,1
2-hop,36521,9,307.1158999991894,1
2-hop,36521,10,306.5210999993724,1
2-hop,36521,11,409.7777999995742,1
2-hop,36521,12,621.051099999022,1
2-hop,36521,13,402.73099999831175,1
2-hop,36521,14,287.4989000010828,1
2-hop,36521,15,283.5060999968846,1
2-hop,36521,16,350.21250000136206,1
2-hop,36521,17,307.3344000003999,1
2-hop,36521,18,276.4841999996861,1
2-hop,36521,19,337.4392000005173,1
2-hop,36521,20,620.6338000010874,1
2-hop,36521,21,300.92059999878984,1
2-hop,36521,22,307.13630000173,1
2-hop,36521,23,409.56720000031055,1
2-hop,36521,24,409.4455999984348,1
2-hop,36521,25,307.2171999992861,1
2-hop,36521,26,409.344499999861,1
2-hop,36521,27,307.127699998091,1
2-hop,36521,28,275.77069999824744,1
2-hop,36521,29,1157.6511999992363,1
2-hop,36521,30,409.33010000298964,1
2-hop,36521,31,409.5951999988756,1
2-hop,36521,32,409.64899999744375,1
2-hop,36521,33,306.8997999980638,1
2-hop,36521,34,307.1667999975034,1
2-hop,36521,35,409.52009999818983,1
2-hop,36521,36,409.50530000191065,1
2-hop,36521,37,306.9677000021329,1
2-hop,36521,38,409.595499997522,1
2-hop,36521,39,409.73809999923105,1
2-hop,36521,40,306.6192000005685,1
2-hop,36521,41,307.5950999991619,1
2-hop,36521,42,313.262499999837,1
2-hop,36521,43,300.93679999845335,1
2-hop,36521,44,409.03439999965485,1
2-hop,36521,45,307.2785999975167,1
2-hop,36521,46,621.3038000023516,1
2-hop,36521,47,299.9073999999382,1
2-hop,36521,48,283.20979999989504,1
2-hop,36521,49,433.1471999976202,1
2-hop,36521,50,409.7975000004226,1
2-hop,36521,51,306.9167000030575,1
2-hop,36521,52,409.7915999991528,1
2-hop,36521,53,409.57479999997304,1
2-hop,36521,54,306.8447000005108,1
2-hop,36521,55,306.5892000013264,1
2-hop,36521,56,409.8359999989043,1
2-hop,36521,57,410.0144000003638,1
2-hop,36521,58,308.55330000122194,1
2-hop,36521,59,407.67590000177734,1
2-hop,36521,60,409.7589000011794,1
2-hop,36521,61,306.8726000019524,1
2-hop,36521,62,307.0363000006182,1
2-hop,36521,63,409.30480000315583,1
2-hop,36521,64,409.967499999766,1
2-hop,36521,65,306.7612000013469,1
2-hop,36521,66,307.58979999882285,1
2-hop,36521,67,409.6739000015077,1
2-hop,36521,68,408.8570999992953,1
2-hop,36521,69,409.72299999702955,1
2-hop,36521,70,409.22060000229976,1
2-hop,36521,71,307.0953999995254,1
2-hop,36521,72,409.697099999903,1
2-hop,36521,73,409.28400000120746,1
2-hop,36521,74,283.519199998409,1
2-hop,36521,75,330.17390000168234,1
2-hop,36521,76,307.26099999810685,1
2-hop,36521,77,409.707899998466,1
2-hop,36521,78,409.70670000024256,1
2-hop,36521,79,278.32389999821316,1
2-hop,36521,80,438.6404999968363,1
2-hop,36521,81,410.049699999945,1
2-hop,36521,82,306.16550000195275,1
2-hop,36521,83,306.9529999993392,1
2-hop,36521,84,307.0955999974103,1
2-hop,36521,85,409.63869999905,1
2-hop,36521,86,409.46660000190604,1
2-hop,36521,87,409.1035000019474,1
2-hop,36521,88,275.9062000004633,1
2-hop,36521,89,287.05790000094566,1
2-hop,36521,90,358.353999999963,1
2-hop,36521,91,511.5308999993431,1
2-hop,36521,92,307.41609999677166,1
2-hop,36521,93,307.12660000062897,1
2-hop,36521,94,529.2153999980655,1
2-hop,36521,95,289.6755000001576,1
2-hop,36521,96,410.4372000001604,1
2-hop,36521,97,279.82239999982994,1
2-hop,36521,98,435.9666999989713,1
2-hop,36521,99,409.2787999979919,1
2-hop,36521,100,307.31400000149733,1
2-hop,41225,1,307.11040000096546,2
2-hop,41225,2,409.44429999944987,2
2-hop,41225,3,409.7080999999889,2
2-hop,41225,4,397.592799999984,2
2-hop,41225,5,318.7346999984584,2
2-hop,41225,6,306.8663000012748,2
2-hop,41225,7,409.7397000005003,2
2-hop,41225,8,410.1245999991079,2
2-hop,41225,9,408.989699997619,2
2-hop,41225,10,307.04880000121193,2
2-hop,41225,11,409.25570000035805,2
2-hop,41225,12,409.8515000005136,2
2-hop,41225,13,307.13829999876907,2
2-hop,41225,14,306.79180000151973,2
2-hop,41225,15,409.1599999992468,2
2-hop,41225,16,409.58150000005844,2
2-hop,41225,17,307.14609999995446,2
2-hop,41225,18,307.22700000114855,2
2-hop,41225,19,409.7215000001597,2
2-hop,41225,20,409.4169000018155,2
2-hop,41225,21,305.37720000211266,2
2-hop,41225,22,307.84680000215303,2
2-hop,41225,23,275.4602999993949,2
2-hop,41225,24,545.1102000006358,2
2-hop,41225,25,306.30999999993946,2
2-hop,41225,26,410.34579999904963,2
2-hop,41225,27,408.92800000074203,2
2-hop,41225,28,307.1942999995372,2
2-hop,41225,29,409.3243999996048,2
2-hop,41225,30,409.19559999747435,2
2-hop,41225,31,306.53300000267336,2
2-hop,41225,32,307.0536000013817,2
2-hop,41225,33,410.65489999891724,2
2-hop,41225,34,408.97689999837894,2
2-hop,41225,35,306.7851999985578,2
2-hop,41225,36,367.7274000001489,2
2-hop,41225,37,451.0828999991645,2
2-hop,41225,38,312.44230000083917,2
2-hop,41225,39,302.7261000024737,2
2-hop,41225,40,408.85770000022603,2
2-hop,41225,41,408.5369999993418,2
2-hop,41225,42,307.735499998671,2
2-hop,41225,43,409.1015999983938,2
2-hop,41225,44,409.4660999980988,2
2-hop,41225,45,307.0874000004551,2
2-hop,41225,46,307.31890000242856,2
2-hop,41225,47,409.74089999872376,2
2-hop,41225,48,408.92190000158735,2
2-hop,41225,49,289.20170000128564,2
2-hop,41225,50,529.9845000008645,2
2-hop,41225,51,309.97519999800716,2
2-hop,41225,52,304.0842000009434,2
2-hop,41225,53,309.020499997132,2
2-hop,41225,54,408.2170000001497,2
2-hop,41225,55,306.34700000155135,2
2-hop,41225,56,306.7665999988094,2
2-hop,41225,57,307.39140000150655,2
2-hop,41225,58,307.18010000055074,2
2-hop,41225,59,306.9359000000986,2
2-hop,41225,60,307.14029999944614,2
2-hop,41225,61,307.7424000002793,2
2-hop,41225,62,413.5143000021344,2
2-hop,41225,63,404.7528000010061,2
2-hop,41225,64,306.7005999982939,2
2-hop,41225,65,302.25419999987935,2
2-hop,41225,66,414.5948999976099,2
2-hop,41225,67,306.7250999993121,2
2-hop,41225,68,292.2070000022359,2
2-hop,41225,69,322.7614999996149,2
2-hop,41225,70,306.32039999909466,2
2-hop,41225,71,307.4040999999852,2
2-hop,41225,72,307.298499999888,2
2-hop,41225,73,313.00780000310624,2
2-hop,41225,74,403.2679999982065,2
2-hop,41225,75,409.29010000036214,2
2-hop,41225,76,307.2842000001401,2
2-hop,41225,77,409.4641999981832,2
2-hop,41225,78,524.6985000012501,2
2-hop,41225,79,443.34510000044247,2
2-hop,41225,80,464.912399998866,2
2-hop,41225,81,307.30319999929634,2
2-hop,41225,82,306.5533000008145,2
2-hop,41225,83,307.19549999776063,2
2-hop,41225,84,306.61070000132895,2
2-hop,41225,85,308.0024999981106,2
2-hop,41225,86,307.26100000174483,2
2-hop,41225,87,410.3291999999783,2
2-hop,41225,88,408.6748000008811,2
2-hop,41225,89,307.2453000022506,2
2-hop,41225,90,311.006300002191,2
2-hop,41225,91,302.3393000003125,2
2-hop,41225,92,411.6322999980184,2
2-hop,41225,93,305.6049999977404,2
2-hop,41225,94,562.2034999978496,2
2-hop,41225,95,359.43719999704626,2
2-hop,41225,96,307.2286999995413,2
2-hop,41225,97,306.07010000312584,2
2-hop,41225,98,307.3675999985426,2
2-hop,41225,99,307.20780000046943,2
2-hop,41225,100,409.72619999956805,2
2-hop,168110,1,512.1833000011975,1
2-hop,168110,2,302.5961000021198,1
2-hop,168110,3,287.1429000006174,1
2-hop,168110,4,433.6457999997947,1
2-hop,168110,5,409.4662999996217,1
2-hop,168110,6,301.47219999707886,1
2-hop,168110,7,312.8405000024941,1
2-hop,168110,8,604.6611999991001,1
2-hop,168110,9,316.3313000004564,1
2-hop,168110,10,306.93990000145277,1
2-hop,168110,11,307.21079999784706,1
2-hop,168110,12,409.3310999996902,1
2-hop,168110,13,409.5653000003949,1
2-hop,168110,14,281.70350000073086,1
2-hop,168110,15,434.3464999983553,1
2-hop,168110,16,410.47120000075665,1
2-hop,168110,17,306.72799999956624,1
2-hop,168110,18,289.8432000001776,1
2-hop,168110,19,426.71509999854607,1
2-hop,168110,20,302.06619999808026,1
2-hop,168110,21,280.02439999909257,1
2-hop,168110,22,338.58759999930044,1
2-hop,168110,23,512.1626000000106,1
2-hop,168110,24,409.36150000197813,1
2-hop,168110,25,307.53919999915524,1
2-hop,168110,26,409.20509999705246,1
2-hop,168110,27,409.33009999935166,1
2-hop,168110,28,307.73580000095535,1
2-hop,168110,29,408.907500001078,1
2-hop,168110,30,409.88780000043334,1
2-hop,168110,31,291.56630000215955,1
2-hop,168110,32,324.796900000365,1
2-hop,168110,33,358.5559999992256,1
2-hop,168110,34,292.31699999945704,1
2-hop,168110,35,370.7531000000017,1
2-hop,168110,36,585.7302999975218,1
2-hop,168110,37,335.70030000191764,1
2-hop,168110,38,306.87139999645296,1
2-hop,168110,39,306.3298999986728,1
2-hop,168110,40,409.75539999999455,1
2-hop,168110,41,409.5286000010674,1
2-hop,168110,42,306.61419999887585,1
2-hop,168110,43,410.6062999999267,1
2-hop,168110,44,409.6587999993062,1
2-hop,168110,45,306.70540000210167,1
2-hop,168110,46,410.2603999999701,1
2-hop,168110,47,408.3735999993223,1
2-hop,168110,48,307.4655000018538,1
2-hop,168110,49,307.41979999947944,1
2-hop,168110,50,408.846900001663,1
2-hop,168110,51,409.3328000017209,1
2-hop,168110,52,307.47059999703197,1
2-hop,168110,53,307.03689999791095,1
2-hop,168110,54,409.67259999888483,1
2-hop,168110,55,408.9520999987144,1
2-hop,168110,56,313.26630000330624,1
2-hop,168110,57,300.79729999852134,1
2-hop,168110,58,409.7709000016039,1
2-hop,168110,59,409.486200001993,1
2-hop,168110,60,409.9484999969718,1
2-hop,168110,61,408.91080000074,1
2-hop,168110,62,312.4781000005896,1
2-hop,168110,63,301.0432999981276,1
2-hop,168110,64,410.91750000123284,1
2-hop,168110,65,409.61260000040056,1
2-hop,168110,66,305.9547000011662,1
2-hop,168110,67,410.04049999901326,1
2-hop,168110,68,409.32320000138134,1
2-hop,168110,69,312.4929000005068,1
2-hop,168110,70,301.69000000023516,1
2-hop,168110,71,409.171499999502,1
2-hop,168110,72,415.40619999796036,1
2-hop,168110,73,300.90280000149505,1
2-hop,168110,74,313.15299999914714,1
2-hop,168110,75,410.1111000018136,1
2-hop,168110,76,409.7266999997373,1
2-hop,168110,77,301.1482999972941,1
2-hop,168110,78,311.9249999981548,1
2-hop,168110,79,301.5650999986974,1
2-hop,168110,80,409.80779999881634,1
2-hop,168110,81,409.18559999772697,1
2-hop,168110,82,410.2281000014045,1
2-hop,168110,83,305.30500000168104,1
2-hop,168110,84,308.74259999836795,1
2-hop,168110,85,511.3132000005862,1
2-hop,168110,86,306.7464999985532,1
2-hop,168110,87,409.65390000201296,1
2-hop,168110,88,307.0509999997739,1
2-hop,168110,89,409.9162999991677,1
2-hop,168110,90,306.29360000239103,1
2-hop,168110,91,409.71880000142846,1
2-hop,168110,92,410.07790000003297,1
2-hop,168110,93,409.6251000009943,1
2-hop,168110,94,306.64550000074087,1
2-hop,168110,95,307.45089999982156,1
2-hop,168110,96,409.5783000011579,1
2-hop,168110,97,414.07540000000154,1
2-hop,168110,98,301.5484999996261,1
2-hop,168110,99,409.80649999983143,1
2-hop,168110,100,408.9607000023534,1
2-hop,305217,1,290.2049000003899,2
2-hop,305217,2,324.28689999869675,2
2-hop,305217,3,410.2284000000509,2
2-hop,305217,4,409.41380000003846,2
2-hop,305217,5,306.2162999995053,2
2-hop,305217,6,410.1541999989422,2
2-hop,305217,7,409.79759999754606,2
2-hop,305217,8,306.89970000094036,2
2-hop,305217,9,311.8547000012768,2
2-hop,305217,10,283.47610000128043,2
2-hop,305217,11,428.07750000065425,2
2-hop,305217,12,306.56400000225403,2
2-hop,305217,13,512.1192000005976,2
2-hop,305217,14,409.34200000265264,2
2-hop,305217,15,307.60459999874,2
2-hop,305217,16,307.01980000230833,2
2-hop,305217,17,306.7300000002433,2
2-hop,305217,18,280.2378000014869,2
2-hop,305217,19,334.3265000003157,2
2-hop,305217,20,408.90310000031604,2
2-hop,305217,21,512.5982999998087,2
2-hop,305217,22,408.7194999992789,2
2-hop,305217,23,307.7422000023944,2
2-hop,305217,24,306.64400000023306,2
2-hop,305217,25,307.3498000012478,2
2-hop,305217,26,307.0869000002858,2
2-hop,305217,27,409.0091999969445,2
2-hop,305217,28,620.6743999973696,2
2-hop,305217,29,301.06660000092234,2
2-hop,305217,30,408.5248999981559,2
2-hop,305217,31,410.0512999975763,2
2-hop,305217,32,307.74920000112616,2
2-hop,305217,33,306.38919999910286,2
2-hop,305217,34,409.4282000005478,2
2-hop,305217,35,410.3078000007372,2
2-hop,305217,36,307.5009999993199,2
2-hop,305217,37,407.1774000003643,2
2-hop,305217,38,410.8526999989408,2
2-hop,305217,39,306.9722999971418,2
2-hop,305217,40,307.521300001099,2
2-hop,305217,41,409.95879999900353,2
2-hop,305217,42,413.73610000300687,2
2-hop,305217,43,302.44300000049407,2
2-hop,305217,44,408.76610000123037,2
2-hop,305217,45,410.1485999999568,2
2-hop,305217,46,311.9846999979927,2
2-hop,305217,47,409.5625999980257,2
2-hop,305217,48,409.33039999799803,2
2-hop,305217,49,302.1093999996083,2
2-hop,305217,50,312.8149999974994,2
2-hop,305217,51,301.05099999855156,2
2-hop,305217,52,409.27559999909136,2
2-hop,305217,53,409.4684000010602,2
2-hop,305217,54,511.67789999817614,2
2-hop,305217,55,306.36130000129924,2
2-hop,305217,56,410.6754999993427,2
2-hop,305217,57,409.0676000014355,2
2-hop,305217,58,306.93069999688305,2
2-hop,305217,59,511.89979999981006,2
2-hop,305217,60,409.83439999763505,2
2-hop,305217,61,410.01540000070236,2
2-hop,305217,62,408.79599999971106,2
2-hop,305217,63,307.1596000008867,2
2-hop,305217,64,307.3064999989583,2
2-hop,305217,65,305.6472999996913,2
2-hop,305217,66,410.9931000020879,2
2-hop,305217,67,408.8579999988724,2
2-hop,305217,68,409.6951999999874,2
2-hop,305217,69,409.21009999874514,2
2-hop,305217,70,307.2390999986965,2
2-hop,305217,71,307.42839999948046,2
2-hop,305217,72,409.21030000026803,2
2-hop,305217,73,409.21289999823784,2
2-hop,305217,74,307.2373000031803,2
2-hop,305217,75,409.8277999983111,2
2-hop,305217,76,408.9730000014242,2
2-hop,305217,77,307.6279000015347,2
2-hop,305217,78,307.0047000001068,2
2-hop,305217,79,410.0237999991805,2
2-hop,305217,80,408.4708000009414,2
2-hop,305217,81,409.58390000014333,2
2-hop,305217,82,409.54430000056163,2
2-hop,305217,83,510.6433000000834,2
2-hop,305217,84,308.5473999999522,2
2-hop,305217,85,518.1382000009762,2
2-hop,305217,86,408.20259999964037,2
2-hop,305217,87,301.8575999994937,2
2-hop,305217,88,409.60790000099223,2
2-hop,305217,89,409.3998000025749,2
2-hop,305217,90,307.2237000014866,2
2-hop,305217,91,307.57359999915934,2
2-hop,305217,92,409.42790000190143,2
2-hop,305217,93,408.8487000008172,2
2-hop,305217,94,307.5064000004204,2
2-hop,305217,95,409.38530000130413,2
2-hop,305217,96,306.70760000066366,2
2-hop,305217,97,306.1916000006022,2
2-hop,305217,98,621.8466999998782,2
2-hop,305217,99,305.5457000009483,2
2-hop,305217,100,302.33170000065,2
2-hop,419359,1,306.74329999965266,0
2-hop,419359,2,409.55419999954756,0
2-hop,419359,3,410.2822999993805,0
2-hop,419359,4,307.0034999982454,0
2-hop,419359,5,306.8992000007711,0
2-hop,419359,6,409.67189999719267,0
2-hop,419359,7,408.73500000088825,0
2-hop,419359,8,307.25019999954384,0
2-hop,419359,9,409.3453000023146,0
2-hop,419359,10,409.4240999984322,0
2-hop,419359,11,307.23659999785013,0
2-hop,419359,12,307.4462000004132,0
2-hop,419359,13,409.2440999993414,0
2-hop,419359,14,409.25780000179657,0
2-hop,419359,15,621.1846000005607,0
2-hop,419359,16,402.8881999984151,0
2-hop,419359,17,409.74419999838574,0
2-hop,419359,18,307.00879999858444,0
2-hop,419359,19,409.39650000291294,0
2-hop,419359,20,408.93620000133524,0
2-hop,419359,21,409.6161999987089,0
2-hop,419359,22,409.95590000238735,0
2-hop,419359,23,511.6373000018939,0
2-hop,419359,24,409.193100000266,0
2-hop,419359,25,415.0119999976596,0
2-hop,419359,26,409.4483999979275,0
2-hop,419359,27,301.90999999831547,0
2-hop,419359,28,409.1617000012775,0
2-hop,419359,29,409.0342999988934,0
2-hop,419359,30,312.945599998784,0
2-hop,419359,31,409.4770999981847,0
2-hop,419359,32,409.2744000008679,0
2-hop,419359,33,301.8205999978818,0
2-hop,419359,34,312.69220000103815,0
2-hop,419359,35,413.6820000021544,0
2-hop,419359,36,520.0382999973954,0
2-hop,419359,37,314.7532000002684,0
2-hop,419359,38,287.4456999998074,0
2-hop,419359,39,618.9733999999589,0
2-hop,419359,40,501.30730000091717,0
2-hop,419359,41,409.1117999996641,0
2-hop,419359,42,306.9905000011204,0
2-hop,419359,43,307.1032000007108,0
2-hop,419359,44,307.9284000014013,0
2-hop,419359,45,409.5071999981883,0
2-hop,419359,46,409.12549999848125,0
2-hop,419359,47,306.57910000081756,0
2-hop,419359,48,409.5859999979439,0
2-hop,419359,49,409.7494000016013,0
2-hop,419359,50,306.90099999992526,0
2-hop,419359,51,512.0732999967004,0
2-hop,419359,52,620.6598000026133,0
2-hop,419359,53,614.4444000019575,0
2-hop,419359,54,300.9510000010778,0
2-hop,419359,55,408.68159999808995,0
2-hop,419359,56,409.6514999982901,0
2-hop,419359,57,275.77109999765526,0
2-hop,419359,58,339.1219999975874,0
2-hop,419359,59,409.0647999983048,0
2-hop,419359,60,512.2623999995994,0
2-hop,419359,61,409.0517999975418,0
2-hop,419359,62,307.20130000190693,0
2-hop,419359,63,409.2949999976554,0
2-hop,419359,64,409.488400000555,0
2-hop,419359,65,307.1548999978404,0
2-hop,419359,66,306.8511999990733,0
2-hop,419359,67,1023.7359999991895,0
2-hop,419359,68,409.4847000014852,0
2-hop,419359,69,409.5938999998907,0
2-hop,419359,70,377.1831000012753,0
2-hop,419359,71,339.621499999339,0
2-hop,419359,72,306.95989999730955,0
2-hop,419359,73,279.9864000007801,0
2-hop,419359,74,334.46750000075554,0
2-hop,419359,75,409.7169999986363,0
2-hop,419359,76,284.58730000056676,0
2-hop,419359,77,329.17470000029425,0
2-hop,419359,78,306.55210000259103,0
2-hop,419359,79,600.5478000006406,0
2-hop,419359,80,423.3745999990788,0
2-hop,419359,81,409.46400000029826,0
2-hop,419359,82,307.1555000024091,0
2-hop,419359,83,280.1571999989392,0
2-hop,419359,84,436.60319999980857,0
2-hop,419359,85,409.4813999981852,0
2-hop,419359,86,409.2902000011236,0
2-hop,419359,87,409.3460999974923,0
2-hop,419359,88,307.73909999697935,0
2-hop,419359,89,311.4471000008052,0
2-hop,419359,90,404.36140000019805,0
2-hop,419359,91,409.39870000147494,0
2-hop,419359,92,307.88610000308836,0
2-hop,419359,93,408.4590999991633,0
2-hop,419359,94,409.95440000187955,0
2-hop,419359,95,409.83720000076573,0
2-hop,419359,96,408.90919999947073,0
2-hop,419359,97,512.993500000448,0
2-hop,419359,98,408.38739999890095,0
2-hop,419359,99,307.05269999816664,0
2-hop,419359,100,409.90619999865885,0
3-hop,189,1,408.65450000273995,0
3-hop,189,2,308.1199000007473,0
3-hop,189,3,409.29899999900954,0
3-hop,189,4,408.7362000027497,0
3-hop,189,5,307.5505000015255,0
3-hop,189,6,409.3119999997725,0
3-hop,189,7,409.62450000006356,0
3-hop,189,8,312.8562000019883,0
3-hop,189,9,301.4380999993591,0
3-hop,189,10,409.87569999924744,0
3-hop,189,11,408.3692999993218,0
3-hop,189,12,313.060200001928,0
3-hop,189,13,301.48990000088816,0
3-hop,189,14,313.19840000287513,0
3-hop,189,15,409.1133000001719,0
3-hop,189,16,409.3482000025688,0
3-hop,189,17,301.5658000003896,0
3-hop,189,18,307.0125999984157,0
3-hop,189,19,620.1174999987416,0
3-hop,189,20,301.59679999997024,0
3-hop,189,21,312.005700001464,0
3-hop,189,22,404.51690000190865,0
3-hop,189,23,409.45339999962016,0
3-hop,189,24,409.5760000018345,0
3-hop,189,25,307.1738999969966,0
3-hop,189,26,307.2102000005543,0
3-hop,189,27,408.92430000167224,0
3-hop,189,28,410.02080000180285,0
3-hop,189,29,307.1592000014789,0
3-hop,189,30,307.06399999689893,0
3-hop,189,31,409.6578999997291,0
3-hop,189,32,306.68750000040745,0
3-hop,189,33,307.7823999992688,0
3-hop,189,34,306.55550000301446,0
3-hop,189,35,307.4847999996564,0
3-hop,189,36,306.23629999900004,0
3-hop,189,37,517.3772999987705,0
3-hop,189,38,300.69079999884707,0
3-hop,189,39,285.81770000164397,0
3-hop,189,40,329.3068000020867,0
3-hop,189,41,306.5619000008155,0
3-hop,189,42,409.56849999929545,0
3-hop,189,43,410.4014000004099,0
3-hop,189,44,306.0860999976285,0
3-hop,189,45,307.5308000006771,0
3-hop,189,46,409.13480000017444,0
3-hop,189,47,409.9814000001061,0
3-hop,189,48,307.1358000015607,0
3-hop,189,49,409.6325999998953,0
3-hop,189,50,409.1356999997515,0
3-hop,189,51,307.2811999991245,0
3-hop,189,52,408.7630000030913,0
3-hop,189,53,282.2940000005474,0
3-hop,189,54,309.13389999841456,0
3-hop,189,55,432.7606000006199,0
3-hop,189,56,408.8308999998844,0
3-hop,189,57,409.85839999848395,0
3-hop,189,58,307.6246999989962,0
3-hop,189,59,306.2544999993406,0
3-hop,189,60,410.2026000000478,0
3-hop,189,61,307.4069000031159,0
3-hop,189,62,306.3970999974117,0
3-hop,189,63,620.9067999989202,0
3-hop,189,64,300.56150000018533,0
3-hop,189,65,295.49279999991995,0
3-hop,189,66,319.2115999991074,0
3-hop,189,67,409.0284999983851,0
3-hop,189,68,409.3156999988423,0
3-hop,189,69,306.7762999999104,0
3-hop,189,70,409.7744999999122,0
3-hop,189,71,621.2941000012506,0
3-hop,189,72,300.048400000378,0
3-hop,189,73,511.41220000135945,0
3-hop,189,74,343.00599999914994,0
3-hop,189,75,374.0183999980218,0
3-hop,189,76,410.09439999834285,0
3-hop,189,77,409.1722999983176,0
3-hop,189,78,307.60730000110925,0
3-hop,189,79,306.61939999845345,0
3-hop,189,80,409.7920000021986,0
3-hop,189,81,307.09070000011707,0
3-hop,189,82,408.8150999996287,0
3-hop,189,83,409.48370000114664,0
3-hop,189,84,409.38850000020466,0
3-hop,189,85,307.42149999787216,0
3-hop,189,86,306.5156000011484,0
3-hop,189,87,307.06239999926765,0
3-hop,189,88,308.85110000235727,0
3-hop,189,89,407.8633999997692,0
3-hop,189,90,279.25060000052326,0
3-hop,189,91,281.88260000024457,0
3-hop,189,92,360.78120000092895,0
3-hop,189,93,306.98800000027404,0
3-hop,189,94,306.7886000026192,0
3-hop,189,95,409.17090000220924,0
3-hop,189,96,409.71910000007483,0
3-hop,189,97,307.5879999996687,0
3-hop,189,98,312.0794999995269,0
3-hop,189,99,365.18059999798425,0
3-hop,189,100,486.20389999996405,0
3-hop,6810,1,474.3530000014289,0
3-hop,6810,2,620.1451999986602,0
3-hop,6810,3,300.97550000209594,0
3-hop,6810,4,409.06879999965895,0
3-hop,6810,5,409.89120000085677,0
3-hop,6810,6,306.60030000217375,0
3-hop,6810,7,410.3642000009131,0
3-hop,6810,8,408.6678999992728,0
3-hop,6810,9,306.9891999984975,0
3-hop,6810,10,307.2838000007323,0
3-hop,6810,11,430.8734000005643,0
3-hop,6810,12,388.1857999986096,0
3-hop,6810,13,409.4532999988587,0
3-hop,6810,14,409.38810000079684,0
3-hop,6810,15,607.4275999999372,0
3-hop,6810,16,343.5134999999718,0
3-hop,6810,17,297.41650000141817,0
3-hop,6810,18,312.12560000130907,0
3-hop,6810,19,291.5257999993628,0
3-hop,6810,20,400.3173999990395,0
3-hop,6810,21,280.1964999998745,0
3-hop,6810,22,277.62369999982184,0
3-hop,6810,23,276.8969000026118,0
3-hop,6810,24,392.9950999990979,0
3-hop,6810,25,410.85409999868716,0
3-hop,6810,26,409.13369999907445,0
3-hop,6810,27,306.75020000126096,0
3-hop,6810,28,409.72189999956754,0
3-hop,6810,29,306.23650000052294,0
3-hop,6810,30,292.5381999993988,0
3-hop,6810,31,281.6343999984383,0
3-hop,6810,32,281.34380000119563,0
3-hop,6810,33,285.130799999024,0
3-hop,6810,34,292.4456000000646,0
3-hop,6810,35,308.25109999932465,0
3-hop,6810,36,306.0485999994853,0
3-hop,6810,37,307.18060000072,0
3-hop,6810,38,512.009099998977,0
3-hop,6810,39,409.1883999972197,0
3-hop,6810,40,410.13119999843184,0
3-hop,6810,41,282.5771999996505,0
3-hop,6810,42,286.9199999986449,0
3-hop,6810,43,351.4625999996497,0
3-hop,6810,44,306.83440000211704,0
3-hop,6810,45,307.23500000021886,0
3-hop,6810,46,306.4758999971673,0
3-hop,6810,47,307.95239999861224,0
3-hop,6810,48,312.08159999732743,0
3-hop,6810,49,403.697399997327,0
3-hop,6810,50,410.04809999867575,0
3-hop,6810,51,306.32730000070296,0
3-hop,6810,52,410.11969999817666,0
3-hop,6810,53,409.40150000096764,0
3-hop,6810,54,306.6190999998071,0
3-hop,6810,55,409.9714000003587,0
3-hop,6810,56,409.0875999972923,0
3-hop,6810,57,307.40700000023935,0
3-hop,6810,58,409.07439999864437,0
3-hop,6810,59,409.5971999995527,0
3-hop,6810,60,306.49990000165417,0
3-hop,6810,61,307.4893000011798,0
3-hop,6810,62,409.64099999837345,0
3-hop,6810,63,405.2071000005526,0
3-hop,6810,64,311.67769999956363,0
3-hop,6810,65,306.58760000005714,0
3-hop,6810,66,409.313199997996,0
3-hop,6810,67,409.787900000083,0
3-hop,6810,68,306.8902999984857,0
3-hop,6810,69,409.46489999987534,0
3-hop,6810,70,409.7691000024497,0
3-hop,6810,71,307.7380000031553,0
3-hop,6810,72,306.5869999991264,0
3-hop,6810,73,409.4364999982645,0
3-hop,6810,74,409.59689999726834,0
3-hop,6810,75,306.5781999976025,0
3-hop,6810,76,410.0330999972357,0
3-hop,6810,77,409.28120000171475,0
3-hop,6810,78,306.87440000110655,0
3-hop,6810,79,278.50039999975706,0
3-hop,6810,80,335.18700000058743,0
3-hop,6810,81,409.837700000935,0
3-hop,6810,82,307.0077999982459,0
3-hop,6810,83,307.71960000129184,0
3-hop,6810,84,619.9953999966965,0
3-hop,6810,85,300.8876000021701,0
3-hop,6810,86,379.5282999999472,0
3-hop,6810,87,542.2050000015588,0
3-hop,6810,88,409.2003999976441,0
3-hop,6810,89,621.0721999996167,0
3-hop,6810,90,614.1349999998056,0
3-hop,6810,91,402.47290000115754,0
3-hop,6810,92,409.96180000001914,0
3-hop,6810,93,307.15750000308617,0
3-hop,6810,94,309.30609999995795,0
3-hop,6810,95,305.20500000056927,0
3-hop,6810,96,305.81959999835817,0
3-hop,6810,97,308.1142000010004,0
3-hop,6810,98,409.59599999769125,0
3-hop,6810,99,511.3194999976258,0
3-hop,6810,100,307.24170000030426,0
3-hop,8413,1,409.8685999997542,0
3-hop,8413,2,408.7966000006418,0
3-hop,8413,3,306.9771000009496,0
3-hop,8413,4,409.5962999999756,0
3-hop,8413,5,307.4205000011716,0
3-hop,8413,6,409.5569000019168,0
3-hop,8413,7,409.81099999771686,0
3-hop,8413,8,306.8490000005113,0
3-hop,8413,9,409.16930000094,0
3-hop,8413,10,409.63710000141873,0
3-hop,8413,11,306.7236999995657,0
3-hop,8413,12,307.07579999943846,0
3-hop,8413,13,409.41920000113896,0
3-hop,8413,14,409.66560000015306,0
3-hop,8413,15,2069.6115999999165,0
3-hop,8413,16,388.15729999987525,0
3-hop,8413,17,306.9227000014507,0
3-hop,8413,18,511.7556000004697,0
3-hop,8413,19,409.37119999944116,0
3-hop,8413,20,620.5673000004026,0
3-hop,8413,21,403.69550000104937,0
3-hop,8413,22,409.1225000011036,0
3-hop,8413,23,306.17329999950016,0
3-hop,8413,24,410.53479999754927,0
3-hop,8413,25,409.38399999868125,0
3-hop,8413,26,307.7530000009574,0
3-hop,8413,27,409.53929999886896,0
3-hop,8413,28,408.71469999910914,0
3-hop,8413,29,620.5024999981106,0
3-hop,8413,30,331.66399999754503,0
3-hop,8413,31,379.0345999987039,0
3-hop,8413,32,409.9874000021373,0
3-hop,8413,33,306.6948000014236,0
3-hop,8413,34,409.0961000001698,0
3-hop,8413,35,409.6028000021761,0
3-hop,8413,36,307.17530000038096,0
3-hop,8413,37,307.13919999834616,0
3-hop,8413,38,307.0836999977473,0
3-hop,8413,39,306.8859999984852,0
3-hop,8413,40,409.6422000002349,0
3-hop,8413,41,620.8398999988276,0
3-hop,8413,42,303.28130000270903,0
3-hop,8413,43,304.22050000197487,0
3-hop,8413,44,307.08360000062385,0
3-hop,8413,45,307.11999999766704,0
3-hop,8413,46,409.3594999976631,0
3-hop,8413,47,410.1087999988522,0
3-hop,8413,48,414.80109999974957,0
3-hop,8413,49,409.7621999972034,0
3-hop,8413,50,301.2092000026314,0
3-hop,8413,51,409.05759999805014,0
3-hop,8413,52,409.90270000111195,0
3-hop,8413,53,312.4902000017755,0
3-hop,8413,54,300.1927000004798,0
3-hop,8413,55,313.03249999837135,0
3-hop,8413,56,405.92169999945327,0
3-hop,8413,57,407.66359999906854,0
3-hop,8413,58,410.0155000014638,0
3-hop,8413,59,410.62520000195946,0
3-hop,8413,60,305.7283999987703,0
3-hop,8413,61,512.3794999999518,0
3-hop,8413,62,511.6684999993595,0
3-hop,8413,63,409.4175999998697,0
3-hop,8413,64,410.00290000010864,0
3-hop,8413,65,408.9234999992186,0
3-hop,8413,66,307.31569999989006,0
3-hop,8413,67,409.39679999792133,0
3-hop,8413,68,409.23750000001746,0
3-hop,8413,69,620.4981999981101,0
3-hop,8413,70,403.0572999981814,0
3-hop,8413,71,410.17439999995986,0
3-hop,8413,72,306.661400001758,0
3-hop,8413,73,307.0456999994349,0
3-hop,8413,74,307.2351000009803,0
3-hop,8413,75,291.1561000000802,0
3-hop,8413,76,425.08689999885974,0
3-hop,8413,77,620.9558000009565,0
3-hop,8413,78,615.0063999994018,0
3-hop,8413,79,613.7042000009387,0
3-hop,8413,80,403.59449999959907,0
3-hop,8413,81,408.8377000007313,0
3-hop,8413,82,307.2123999991163,0
3-hop,8413,83,409.0886000012688,0
3-hop,8413,84,410.08549999969546,0
3-hop,8413,85,511.85090000217315,0
3-hop,8413,86,341.7202999989968,0
3-hop,8413,87,311.5118000023358,0
3-hop,8413,88,574.3685999987065,0
3-hop,8413,89,311.00080000032904,0
3-hop,8413,90,406.2966999990749,0
3-hop,8413,91,306.6461000016716,0
3-hop,8413,92,307.21320000156993,0
3-hop,8413,93,512.610500001756,0
3-hop,8413,94,409.10839999924065,0
3-hop,8413,95,409.3587000024854,0
3-hop,8413,96,410.92159999971045,0
3-hop,8413,97,626.5113999979803,0
3-hop,8413,98,490.40579999928013,0
3-hop,8413,99,365.3172000013001,0
3-hop,8413,100,564.8456000017177,0
3-hop,16890,1,408.2395999976143,0
3-hop,16890,2,409.8589000022912,0
3-hop,16890,3,307.23349999971106,0
3-hop,16890,4,408.6515999988478,0
3-hop,16890,5,409.99400000146125,0
3-hop,16890,6,308.46180000298773,0
3-hop,16890,7,408.177400000568,0
3-hop,16890,8,410.5989999989106,0
3-hop,16890,9,619.6232000002055,0
3-hop,16890,10,608.2076000020606,0
3-hop,16890,11,408.9663999984623,0
3-hop,16890,12,620.8176999971329,0
3-hop,16890,13,614.2407000006642,0
3-hop,16890,14,614.1354999999749,0
3-hop,16890,15,403.0055999974138,0
3-hop,16890,16,409.7589000011794,0
3-hop,16890,17,408.7397000002966,0
3-hop,16890,18,410.248699998192,0
3-hop,16890,19,306.8591000010201,0
3-hop,16890,20,306.9756000004418,0
3-hop,16890,21,409.84989999924437,0
3-hop,16890,22,409.81489999830956,0
3-hop,16890,23,307.13639999885345,0
3-hop,16890,24,408.75290000258246,0
3-hop,16890,25,409.8946000012802,0
3-hop,16890,26,307.14589999843156,0
3-hop,16890,27,306.6837999976997,0
3-hop,16890,28,307.7759000007063,0
3-hop,16890,29,409.24819999781903,0
3-hop,16890,30,620.9782000005362,0
3-hop,16890,31,402.7046999981394,0
3-hop,16890,32,408.9361000005738,0
3-hop,16890,33,409.3867000010505,0
3-hop,16890,34,410.16400000080466,0
3-hop,16890,35,409.14859999975306,0
3-hop,16890,36,614.5074999985809,0
3-hop,16890,37,408.83670000039274,0
3-hop,16890,38,410.1196000010532,0
3-hop,16890,39,305.98380000083125,0
3-hop,16890,40,319.65280000076746,0
3-hop,16890,41,403.2394000023487,0
3-hop,16890,42,413.8180000009015,0
3-hop,16890,43,605.2930999976525,0
3-hop,16890,44,414.2950999994355,0
3-hop,16890,45,613.3120999984385,0
3-hop,16890,46,611.6122000021278,0
3-hop,16890,47,323.7764999976207,0
3-hop,16890,48,621.0188000004564,0
3-hop,16890,49,384.2428000025393,0
3-hop,16890,50,511.7854999989504,0
3-hop,16890,51,409.375800001726,0
3-hop,16890,52,307.3934999993071,0
3-hop,16890,53,307.27049999768496,0
3-hop,16890,54,409.320700000535,0
3-hop,16890,55,334.84970000063186,0
3-hop,16890,56,290.6723999985843,0
3-hop,16890,57,299.2173000020557,0
3-hop,16890,58,303.16600000151084,0
3-hop,16890,59,306.9264000005205,0
3-hop,16890,60,393.5157999985677,0
3-hop,16890,61,293.77800000293064,0
3-hop,16890,62,336.4110000002256,0
3-hop,16890,63,307.11000000155764,0
3-hop,16890,64,306.3153000002785,0
3-hop,16890,65,308.22170000101323,0
3-hop,16890,66,409.42550000181654,0
3-hop,16890,67,307.4549000011757,0
3-hop,16890,68,306.89690000144765,0
3-hop,16890,69,409.4949999998789,0
3-hop,16890,70,608.417700001155,0
3-hop,16890,71,312.8896000016539,0
3-hop,16890,72,306.5604000003077,0
3-hop,16890,73,312.4353000021074,0
3-hop,16890,74,404.49830000216025,0
3-hop,16890,75,409.1718000017863,0
3-hop,16890,76,409.4936000001326,0
3-hop,16890,77,409.6167999996396,0
3-hop,16890,78,307.1431999997003,0
3-hop,16890,79,620.8924999991723,0
3-hop,16890,80,403.4451000006811,0
3-hop,16890,81,409.4523999992816,0
3-hop,16890,82,409.2843999969773,0
3-hop,16890,83,307.5165999980527,0
3-hop,16890,84,288.7551000021631,0
3-hop,16890,85,289.20429999925545,0
3-hop,16890,86,290.8802000019932,0
3-hop,16890,87,290.5663000019558,0
3-hop,16890,88,375.8175000002666,0
3-hop,16890,89,306.4272000010533,0
3-hop,16890,90,409.5448000007309,0
3-hop,16890,91,409.30350000053295,0
3-hop,16890,92,307.82969999927445,0
3-hop,16890,93,409.4260000019858,0
3-hop,16890,94,408.98359999846434,0
3-hop,16890,95,307.09959999876446,0
3-hop,16890,96,311.7889000022842,0
3-hop,16890,97,404.74410000024363,0
3-hop,16890,98,409.3420999997761,0
3-hop,16890,99,307.001000001037,0
3-hop,16890,100,308.39969999942696,0
3-hop,35347,1,407.930800000031,0
3-hop,35347,2,409.7848999990674,0
3-hop,35347,3,307.6645000001008,0
3-hop,35347,4,408.838299998024,0
3-hop,35347,5,409.5502000018314,0
3-hop,35347,6,498.46180000167806,0
3-hop,35347,7,564.7437000006903,0
3-hop,35347,8,370.01930000042194,0
3-hop,35347,9,306.9312000006903,0
3-hop,35347,10,409.4987999997102,0
3-hop,35347,11,410.62909999891417,0
3-hop,35347,12,306.0323000026983,0
3-hop,35347,13,307.2673999995459,0
3-hop,35347,14,409.451600000466,0
3-hop,35347,15,409.37919999851147,0
3-hop,35347,16,294.0536999994947,0
3-hop,35347,17,296.8644000029599,0
3-hop,35347,18,432.48079999830225,0
3-hop,35347,19,409.6540999998979,0
3-hop,35347,20,306.96760000137147,0
3-hop,35347,21,409.9575000000186,0
3-hop,35347,22,385.55859999905806,0
3-hop,35347,23,330.4040000002715,0
3-hop,35347,24,409.44589999708114,0
3-hop,35347,25,307.21400000038557,0
3-hop,35347,26,307.4894999990647,0
3-hop,35347,27,408.9758999980404,0
3-hop,35347,28,308.39779999951134,0
3-hop,35347,29,305.5397999996785,0
3-hop,35347,30,289.7975000014412,0
3-hop,35347,31,529.2458000003535,0
3-hop,35347,32,409.7146000021894,0
3-hop,35347,33,409.8140999994939,0
3-hop,35347,34,306.549000000814,0
3-hop,35347,35,409.84910000042873,0
3-hop,35347,36,409.7150000015972,0
3-hop,35347,37,306.50450000030105,0
3-hop,35347,38,409.7948000016913,0
3-hop,35347,39,409.91940000094473,0
3-hop,35347,40,306.6590999987966,0
3-hop,35347,41,323.68480000150157,0
3-hop,35347,42,393.6389999980747,0
3-hop,35347,43,306.13420000008773,0
3-hop,35347,44,306.42149999766843,0
3-hop,35347,45,620.8522999986599,0
3-hop,35347,46,301.9526999996742,0
3-hop,35347,47,305.42849999983446,0
3-hop,35347,48,307.0121000018844,0
3-hop,35347,49,307.87489999784157,0
3-hop,35347,50,306.89020000136225,0
3-hop,35347,51,307.5903999997536,0
3-hop,35347,52,307.14139999690815,0
3-hop,35347,53,312.8013999994437,0
3-hop,35347,54,301.1174999992363,0
3-hop,35347,55,316.126699999586,0
3-hop,35347,56,406.1777999995684,0
3-hop,35347,57,301.80920000202605,0
3-hop,35347,58,312.476200000674,0
3-hop,35347,59,301.54960000072606,0
3-hop,35347,60,312.63789999866276,0
3-hop,35347,61,301.1996999994153,0
3-hop,35347,62,307.2668999993766,0
3-hop,35347,63,306.7310999977053,0
3-hop,35347,64,308.379000001878,0
3-hop,35347,65,306.14439999772003,0
3-hop,35347,66,307.46069999804604,0
3-hop,35347,67,307.41739999939455,0
3-hop,35347,68,306.9977999984985,0
3-hop,35347,69,306.84649999966496,0
3-hop,35347,70,306.6889000001538,0
3-hop,35347,71,307.0936000003712,0
3-hop,35347,72,307.0545000009588,0
3-hop,35347,73,307.0766000018921,0
3-hop,35347,74,307.049700000789,0
3-hop,35347,75,306.6704999982903,0
3-hop,35347,76,312.65110000094865,0
3-hop,35347,77,301.7707999970298,0
3-hop,35347,78,419.92869999739924,0
3-hop,35347,79,296.91389999788953,0
3-hop,35347,80,307.0506000003661,0
3-hop,35347,81,307.29929999870365,0
3-hop,35347,82,409.554300000309,0
3-hop,35347,83,307.0953999995254,0
3-hop,35347,84,306.9145000008575,0
3-hop,35347,85,307.56149999797344,0
3-hop,35347,86,306.6551000010804,0
3-hop,35347,87,306.92550000094343,0
3-hop,35347,88,307.23740000030375,0
3-hop,35347,89,307.86259999877075,0
3-hop,35347,90,306.13050000101794,0
3-hop,35347,91,307.6508999984071,0
3-hop,35347,92,408.6380000007921,0
3-hop,35347,93,307.170899999619,0
3-hop,35347,94,307.64609999823733,0
3-hop,35347,95,306.339199996728,0
3-hop,35347,96,307.49199999991106,0
3-hop,35347,97,409.661400000914,0
3-hop,35347,98,307.3091000005661,0
3-hop,35347,99,306.6379000010784,0
3-hop,35347,100,307.1209000008821,0
3-hop,36521,1,306.91529999967315,0
3-hop,36521,2,409.2776999968919,0
3-hop,36521,3,306.50990000140155,0
3-hop,36521,4,308.72480000107316,0
3-hop,36521,5,412.66130000076373,0
3-hop,36521,6,393.49829999991925,0
3-hop,36521,7,405.2743000029295,0
3-hop,36521,8,380.32310000198777,0
3-hop,36521,9,440.40660000246135,0
3-hop,36521,10,321.39720000122907,0
3-hop,36521,11,307.0305000001099,0
3-hop,36521,12,389.3467000016244,0
3-hop,36521,13,400.893800000631,0
3-hop,36521,14,336.10220000264235,0
3-hop,36521,15,409.75190000244766,0
3-hop,36521,16,438.43679999918095,0
3-hop,36521,17,380.3053999981785,0
3-hop,36521,18,602.9455000025337,0
3-hop,36521,19,420.59960000187857,0
3-hop,36521,20,620.9036000000197,0
3-hop,36521,21,613.4923000026902,0
3-hop,36521,22,614.537499997823,0
3-hop,36521,23,614.4356000004336,0
3-hop,36521,24,403.38920000067446,0
3-hop,36521,25,306.5176000018255,0
3-hop,36521,26,307.13789999936125,0
3-hop,36521,27,409.39829999842914,0
3-hop,36521,28,409.662499998376,0
3-hop,36521,29,409.3057999998564,0
3-hop,36521,30,620.8434000000125,0
3-hop,36521,31,819.9009999989357,0
3-hop,36521,32,613.3040000022447,0
3-hop,36521,33,615.0850000012724,0
3-hop,36521,34,614.3150999996578,0
3-hop,36521,35,613.9559000002919,0
3-hop,36521,36,614.6324000001187,0
3-hop,36521,37,402.1592999997665,0
3-hop,36521,38,621.676300001127,0
3-hop,36521,39,614.1479999969306,0
3-hop,36521,40,613.6799000014435,0
3-hop,36521,41,613.973999999871,0
3-hop,36521,42,614.2934000017704,0
3-hop,36521,43,820.2060000003257,0
3-hop,36521,44,505.7723999998416,0
3-hop,36521,45,613.4984999989683,0
3-hop,36521,46,306.7107999995642,0
3-hop,36521,47,621.2503999995533,0
3-hop,36521,48,812.6148000010289,0
3-hop,36521,49,408.86719999980414,0
3-hop,36521,50,409.79610000067623,0
3-hop,36521,51,414.0776000022015,0
3-hop,36521,52,410.2887000008195,0
3-hop,36521,53,409.7715000025346,0
3-hop,36521,54,409.2729000003601,0
3-hop,36521,55,325.0530000004801,0
3-hop,36521,56,385.40909999937867,0
3-hop,36521,57,518.4590999997454,0
3-hop,36521,58,402.8779000000213,0
3-hop,36521,59,307.3679000008269,0
3-hop,36521,60,306.71300000176416,0
3-hop,36521,61,288.87720000057016,0
3-hop,36521,62,325.54890000028536,0
3-hop,36521,63,307.17530000038096,0
3-hop,36521,64,409.1106000014406,0
3-hop,36521,65,308.2267999998294,0
3-hop,36521,66,305.58770000061486,0
3-hop,36521,67,307.5066000019433,0
3-hop,36521,68,409.4308000021556,0
3-hop,36521,69,409.2726000017137,0
3-hop,36521,70,621.2329000009049,0
3-hop,36521,71,402.6505999972869,0
3-hop,36521,72,409.4513999989431,0
3-hop,36521,73,315.94440000117174,0
3-hop,36521,74,400.8142999991833,0
3-hop,36521,75,409.1932999981509,0
3-hop,36521,76,512.7683999999135,0
3-hop,36521,77,620.271200001298,0
3-hop,36521,78,614.018499996746,0
3-hop,36521,79,523.707899999863,0
3-hop,36521,80,493.95600000207196,0
3-hop,36521,81,410.0232999990112,0
3-hop,36521,82,408.9263999994728,0
3-hop,36521,83,408.96600000269245,0
3-hop,36521,84,306.87330000000657,0
3-hop,36521,85,289.78469999856316,0
3-hop,36521,86,427.19579999902635,0
3-hop,36521,87,409.0065999989747,0
3-hop,36521,88,306.96199999874807,0
3-hop,36521,89,409.6408000004885,0
3-hop,36521,90,409.356400003162,0
3-hop,36521,91,298.3320999992429,0
3-hop,36521,92,418.6909999989439,0
3-hop,36521,93,409.2192000025534,0
3-hop,36521,94,621.6332000003604,0
3-hop,36521,95,402.12699999756296,0
3-hop,36521,96,409.60790000099223,0
3-hop,36521,97,306.73119999846676,0
3-hop,36521,98,409.746900000755,0
3-hop,36521,99,409.37660000054166,0
3-hop,36521,100,518.4770000014396,0
3-hop,41225,1,614.4439000017883,1
3-hop,41225,2,614.2341000013403,1
3-hop,41225,3,614.4304999979795,1
3-hop,41225,4,402.90620000087074,1
3-hop,41225,5,409.2476000005263,1
3-hop,41225,6,409.6384999975271,1
3-hop,41225,7,307.66790000052424,1
3-hop,41225,8,306.378000001132,1
3-hop,41225,9,621.1426999980176,1
3-hop,41225,10,402.40560000165715,1
3-hop,41225,11,409.62650000074063,1
3-hop,41225,12,621.0210999997798,1
3-hop,41225,13,613.6651999986498,1
3-hop,41225,14,332.4006000002555,1
3-hop,41225,15,378.28340000123717,1
3-hop,41225,16,409.15360000144574,1
3-hop,41225,17,410.2349000022514,1
3-hop,41225,18,408.8311999985308,1
3-hop,41225,19,512.1644999999262,1
3-hop,41225,20,621.8843999995443,1
3-hop,41225,21,338.8645000013639,1
3-hop,41225,22,294.12690000026487,1
3-hop,41225,23,383.988199999294,1
3-hop,41225,24,408.43799999856856,1
3-hop,41225,25,308.86109999846667,1
3-hop,41225,26,304.5764999988023,1
3-hop,41225,27,307.4134000016784,1
3-hop,41225,28,409.68700000303215,1
3-hop,41225,29,409.65439999854425,1
3-hop,41225,30,511.5136000022176,1
3-hop,41225,31,621.1729000024206,1
3-hop,41225,32,614.1289000006509,1
3-hop,41225,33,307.32720000014524,1
3-hop,41225,34,402.355099999113,1
3-hop,41225,35,409.9385999979859,1
3-hop,41225,36,409.9314000013692,1
3-hop,41225,37,306.2319999989995,1
3-hop,41225,38,409.7357999999076,1
3-hop,41225,39,410.43250000075204,1
3-hop,41225,40,408.52109999832464,1
3-hop,41225,41,294.4978000014089,1
3-hop,41225,42,287.70889999941573,1
3-hop,41225,43,441.55099999989034,1
3-hop,41225,44,410.66049999790266,1
3-hop,41225,45,306.196400000772,1
3-hop,41225,46,409.04190000219387,1
3-hop,41225,47,410.14499999801046,1
3-hop,41225,48,306.8499000000884,1
3-hop,41225,49,306.41389999800595,1
3-hop,41225,50,409.4673999970837,1
3-hop,41225,51,409.8151999969559,1
3-hop,41225,52,306.74659999931464,1
3-hop,41225,53,409.65219999998226,1
3-hop,41225,54,409.69550000227173,1
3-hop,41225,55,306.26459999984945,1
3-hop,41225,56,308.28870000186726,1
3-hop,41225,57,305.70149999766727,1
3-hop,41225,58,307.8051000011328,1
3-hop,41225,59,307.0125999984157,1
3-hop,41225,60,393.49469999797293,1
3-hop,41225,61,322.8970999989542,1
3-hop,41225,62,312.38939999821014,1
3-hop,41225,63,294.264000000112,1
3-hop,41225,64,314.62480000118376,1
3-hop,41225,65,392.51639999929466,1
3-hop,41225,66,324.2007000008016,1
3-hop,41225,67,306.94239999866113,1
3-hop,41225,68,307.1722000022419,1
3-hop,41225,69,306.8511999990733,1
3-hop,41225,70,511.91759999710484,1
3-hop,41225,71,409.58730000056676,1
3-hop,41225,72,409.48439999920083,1
3-hop,41225,73,409.24359999917215,1
3-hop,41225,74,307.2092000002158,1
3-hop,41225,75,409.3345000001136,1
3-hop,41225,76,410.8161000003747,1
3-hop,41225,77,510.81730000078096,1
3-hop,41225,78,620.6612999994832,1
3-hop,41225,79,614.4184000004316,1
3-hop,41225,80,613.4446000032767,1
3-hop,41225,81,403.54479999950854,1
3-hop,41225,82,409.6032000015839,1
3-hop,41225,83,307.28760000056354,1
3-hop,41225,84,409.4020000011369,1
3-hop,41225,85,437.394000000495,1
3-hop,41225,86,483.99609999978566,1
3-hop,41225,87,621.0666999977548,1
3-hop,41225,88,304.2520999988483,1
3-hop,41225,89,405.9844000003068,1
3-hop,41225,90,408.9739000010013,1
3-hop,41225,91,409.38570000071195,1
3-hop,41225,92,307.10180000096443,1
3-hop,41225,93,307.5487999994948,1
3-hop,41225,94,306.43229999986943,1
3-hop,41225,95,409.5259999994596,1
3-hop,41225,96,410.2634000009857,1
3-hop,41225,97,408.27790000184905,1
3-hop,41225,98,307.4325999987195,1
3-hop,41225,99,410.0250999981654,1
3-hop,41225,100,409.43939999851864,1
3-hop,168110,1,306.8878999984008,0
3-hop,168110,2,307.2840000022552,0
3-hop,168110,3,409.34509999715374,0
3-hop,168110,4,307.10370000088005,0
3-hop,168110,5,330.304499999329,0
3-hop,168110,6,488.3912000004784,0
3-hop,168110,7,409.83540000161156,0
3-hop,168110,8,307.1975000020757,0
3-hop,168110,9,307.07669999901555,0
3-hop,168110,10,409.0648000019428,0
3-hop,168110,11,409.81680000186316,0
3-hop,168110,12,409.00559999863617,0
3-hop,168110,13,410.0619999990158,0
3-hop,168110,14,620.10459999874,0
3-hop,168110,15,403.67589999732445,0
3-hop,168110,16,409.11549999873387,0
3-hop,168110,17,620.7097000005888,0
3-hop,168110,18,403.6416000017198,0
3-hop,168110,19,302.2681000002194,0
3-hop,168110,20,516.0791000016616,0
3-hop,168110,21,409.5339999985299,0
3-hop,168110,22,621.1795999988681,0
3-hop,168110,23,402.0388999997522,0
3-hop,168110,24,410.02189999926486,0
3-hop,168110,25,621.0688999999547,0
3-hop,168110,26,402.4435999999696,0
3-hop,168110,27,307.44330000015907,0
3-hop,168110,28,511.70559999809484,0
3-hop,168110,29,409.8331999994116,0
3-hop,168110,30,621.0892999988573,0
3-hop,168110,31,402.72120000008726,0
3-hop,168110,32,409.156300000177,0
3-hop,168110,33,306.9752999981574,0
3-hop,168110,34,307.2274000005564,0
3-hop,168110,35,306.2151000012818,0
3-hop,168110,36,410.0883999999496,0
3-hop,168110,37,409.57499999785796,0
3-hop,168110,38,409.7863999995752,0
3-hop,168110,39,409.325099997659,0
3-hop,168110,40,512.0554999994056,0
3-hop,168110,41,620.0644000018656,0
3-hop,168110,42,409.24440000162576,0
3-hop,168110,43,409.6288000000641,0
3-hop,168110,44,408.5460000023886,0
3-hop,168110,45,303.9668999990681,0
3-hop,168110,46,408.03800000139745,0
3-hop,168110,47,409.24400000221794,0
3-hop,168110,48,409.68900000007125,0
3-hop,168110,49,409.13609999915934,0
3-hop,168110,50,312.8928999976779,0
3-hop,168110,51,614.5175000019663,0
3-hop,168110,52,409.59360000124434,0
3-hop,168110,53,409.1903000007733,0
3-hop,168110,54,403.9663000003202,0
3-hop,168110,55,409.53170000284445,0
3-hop,168110,56,621.2519000000611,0
3-hop,168110,57,402.0944999974745,0
3-hop,168110,58,308.1867000000784,0
3-hop,168110,59,306.78400000033434,0
3-hop,168110,60,620.0844000013603,0
3-hop,168110,61,402.913299996726,0
3-hop,168110,62,307.00380000052974,0
3-hop,168110,63,410.3157999998075,0
3-hop,168110,64,457.65420000316226,0
3-hop,168110,65,360.47730000063893,0
3-hop,168110,66,307.153500001732,0
3-hop,168110,67,290.478399998392,0
3-hop,168110,68,318.7988000026962,0
3-hop,168110,69,289.13879999890924,0
3-hop,168110,70,286.0612000004039,0
3-hop,168110,71,454.0017999970587,0
3-hop,168110,72,306.5056999985245,0
3-hop,168110,73,409.63209999972605,0
3-hop,168110,74,356.6776999978174,0
3-hop,168110,75,360.2655999966373,0
3-hop,168110,76,408.9385000006587,0
3-hop,168110,77,307.4854000005871,0
3-hop,168110,78,409.8073999994085,0
3-hop,168110,79,409.6752000004926,0
3-hop,168110,80,306.4698000016506,0
3-hop,168110,81,409.93819999857806,0
3-hop,168110,82,367.1549999999115,0
3-hop,168110,83,349.85650000089663,0
3-hop,168110,84,318.9802000015334,0
3-hop,168110,85,397.4328999975114,0
3-hop,168110,86,302.21009999877424,0
3-hop,168110,87,314.6253999984765,0
3-hop,168110,88,289.2338000019663,0
3-hop,168110,89,290.8638000008068,0
3-hop,168110,90,295.76900000029127,0
3-hop,168110,91,287.48080000150367,0
3-hop,168110,92,368.64000000059605,0
3-hop,168110,93,409.5516999987012,0
3-hop,168110,94,409.5033000012336,0
3-hop,168110,95,307.13100000139093,0
3-hop,168110,96,409.332600000198,0
3-hop,168110,97,409.91070000018226,0
3-hop,168110,98,511.2007999996422,0
3-hop,168110,99,289.75200000058976,0
3-hop,168110,100,325.2213000014308,0
3-hop,305217,1,511.8484000013268,0
3-hop,305217,2,620.3015999999479,0
3-hop,305217,3,613.7662999972235,0
3-hop,305217,4,614.1180000013264,0
3-hop,305217,5,404.5174999992014,0
3-hop,305217,6,408.6854000015592,0
3-hop,305217,7,409.78610000092885,0
3-hop,305217,8,408.3733999977994,0
3-hop,305217,9,308.0249000013282,0
3-hop,305217,10,410.37560000040685,0
3-hop,305217,11,408.06289999818546,0
3-hop,305217,12,511.89660000090953,0
3-hop,305217,13,621.2253000012424,0
3-hop,305217,14,505.3583000008075,0
3-hop,305217,15,409.72449999753735,0
3-hop,305217,16,306.308800001716,0
3-hop,305217,17,306.37690000003204,0
3-hop,305217,18,308.26579999848036,0
3-hop,305217,19,409.5171000008122,0
3-hop,305217,20,620.1674999974784,0
3-hop,305217,21,403.0447000004642,0
3-hop,305217,22,410.0877999990189,0
3-hop,305217,23,306.78030000126455,0
3-hop,305217,24,312.3340999991342,0
3-hop,305217,25,303.66200000207755,0
3-hop,305217,26,287.7955000003567,0
3-hop,305217,27,290.4570999999123,0
3-hop,305217,28,288.0457999999635,0
3-hop,305217,29,463.4251999996195,0
3-hop,305217,30,613.7228000006871,0
3-hop,305217,31,308.8395999984641,0
3-hop,305217,32,304.9614000010479,0
3-hop,305217,33,394.62210000056075,0
3-hop,305217,34,424.7531999972125,0
3-hop,305217,35,306.99669999739854,0
3-hop,305217,36,306.8826999988232,0
3-hop,305217,37,290.91580000022077,0
3-hop,305217,38,302.6246000008541,0
3-hop,305217,39,430.4325000011886,0
3-hop,305217,40,306.74400000134483,0
3-hop,305217,41,418.3396000007633,0
3-hop,305217,42,400.72280000094906,0
3-hop,305217,43,512.4206000000413,0
3-hop,305217,44,408.9616000019305,0
3-hop,305217,45,307.07990000155405,0
3-hop,305217,46,307.19800000224495,0
3-hop,305217,47,409.8916000002646,0
3-hop,305217,48,409.22560000035446,0
3-hop,305217,49,307.11929999961285,0
3-hop,305217,50,306.99859999731416,0
3-hop,305217,51,409.05819999898085,0
3-hop,305217,52,410.86120000181836,0
3-hop,305217,53,305.94120000023395,0
3-hop,305217,54,409.6105999997235,0
3-hop,305217,55,291.8495999983861,0
3-hop,305217,56,287.31380000317586,0
3-hop,305217,57,547.6509999971313,0
3-hop,305217,58,408.90439999930095,0
3-hop,305217,59,620.3943000000436,0
3-hop,305217,60,614.7797999983595,0
3-hop,305217,61,402.45299999878625,0
3-hop,305217,62,410.3069000011601,0
3-hop,305217,63,409.3572999991011,0
3-hop,305217,64,409.06080000058864,0
3-hop,305217,65,621.7839999990247,0
3-hop,305217,66,402.0191000017803,0
3-hop,305217,67,409.591100000398,0
3-hop,305217,68,620.8016999989923,0
3-hop,305217,69,403.13160000005155,0
3-hop,305217,70,409.227700001793,0
3-hop,305217,71,306.52719999852707,0
3-hop,305217,72,409.9661999971431,0
3-hop,305217,73,409.7357999999076,0
3-hop,305217,74,511.7294999981823,0
3-hop,305217,75,620.725400000083,0
3-hop,305217,76,510.7303000004322,0
3-hop,305217,77,507.42800000080024,0
3-hop,305217,78,409.61070000048494,0
3-hop,305217,79,408.8811000001442,0
3-hop,305217,80,306.7774000010104,0
3-hop,305217,81,409.49429999818676,0
3-hop,305217,82,307.100599999103,0
3-hop,305217,83,409.45320000173524,0
3-hop,305217,84,409.0433999990637,0
3-hop,305217,85,308.35449999722186,0
3-hop,305217,86,408.28899999905843,0
3-hop,305217,87,409.3962000006286,0
3-hop,305217,88,306.32820000028005,0
3-hop,305217,89,308.16870000126073,0
3-hop,305217,90,409.84889999890584,0
3-hop,305217,91,408.7660999975924,0
3-hop,305217,92,511.87209999989136,0
3-hop,305217,93,621.3825000013458,0
3-hop,305217,94,300.4233999999997,0
3-hop,305217,95,306.8511000019498,0
3-hop,305217,96,409.6304000013333,0
3-hop,305217,97,409.36359999977867,0
3-hop,305217,98,307.2289000010642,0
3-hop,305217,99,312.7148000021407,0
3-hop,305217,100,301.33349999960046,0
3-hop,419359,1,312.7757999973255,0
3-hop,419359,2,301.68029999913415,0
3-hop,419359,3,307.1522999998706,0
3-hop,419359,4,334.1222999988531,0
3-hop,419359,5,382.0417000024463,0
3-hop,419359,6,307.7958000030776,0
3-hop,419359,7,408.49579999849084,0
3-hop,419359,8,384.4396000022243,0
3-hop,419359,9,332.8062999971735,0
3-hop,419359,10,306.96200000238605,0
3-hop,419359,11,306.90400000094087,0
3-hop,419359,12,409.45039999860455,0
3-hop,419359,13,306.5569000027608,0
3-hop,419359,14,307.217400000809,0
3-hop,419359,15,409.8935000001802,0
3-hop,419359,16,409.73140000278363,0
3-hop,419359,17,409.5223000003898,0
3-hop,419359,18,409.0470999981335,0
3-hop,419359,19,409.6512000032817,0
3-hop,419359,20,512.2292000014568,0
3-hop,419359,21,620.4221999978472,0
3-hop,419359,22,402.98579999944195,0
3-hop,419359,23,410.4096000010031,0
3-hop,419359,24,341.8104000011226,0
3-hop,419359,25,287.47519999888027,0
3-hop,419359,26,598.192100002052,0
3-hop,419359,27,409.64789999998175,0
3-hop,419359,28,409.8215000012715,0
3-hop,419359,29,620.8446999989974,0
3-hop,419359,30,613.7380000000121,0
3-hop,419359,31,402.8833000011218,0
3-hop,419359,32,621.0236999977496,0
3-hop,419359,33,615.2722999977414,0
3-hop,419359,34,612.9467999999179,0
3-hop,419359,35,403.06559999953606,0
3-hop,419359,36,307.416399999056,0
3-hop,419359,37,306.869199997891,0
3-hop,419359,38,294.5734999993874,0
3-hop,419359,39,294.8610999992525,0
3-hop,419359,40,331.9126000023971,0
3-hop,419359,41,409.2564000020502,0
3-hop,419359,42,409.6073000000615,0
3-hop,419359,43,306.63730000014766,0
3-hop,419359,44,307.22710000191,0
3-hop,419359,45,409.7291999969457,0
3-hop,419359,46,409.2715999977372,0
3-hop,419359,47,306.9690999982413,0
3-hop,419359,48,306.6048000000592,0
3-hop,419359,49,286.87169999830076,0
3-hop,419359,50,348.86030000052415,0
3-hop,419359,51,319.4239000004018,0
3-hop,419359,52,320.2739999978803,0
3-hop,419359,53,293.20040000311565,0
3-hop,419359,54,300.6567999982508,0
3-hop,419359,55,288.1326999995508,0
3-hop,419359,56,291.31580000102986,0
3-hop,419359,57,288.33509999822127,0
3-hop,419359,58,297.12189999918337,0
3-hop,419359,59,298.16670000218437,0
3-hop,419359,60,288.0535999975109,0
3-hop,419359,61,282.298099999025,0
3-hop,419359,62,288.19510000175796,0
3-hop,419359,63,297.3225999994611,0
3-hop,419359,64,287.70559999975376,0
3-hop,419359,65,289.2936999996891,0
3-hop,419359,66,301.18600000059814,0
3-hop,419359,67,288.8013999981922,0
3-hop,419359,68,285.29709999929764,0
3-hop,419359,69,303.4010999981547,0
3-hop,419359,70,309.94600000121864,0
3-hop,419359,71,1759.7726000021794,0
3-hop,419359,72,319.7900999984995,0
3-hop,419359,73,320.0199999992037,0
3-hop,419359,74,320.06339999861666,0
3-hop,419359,75,294.41660000156844,0
3-hop,419359,76,280.3699999967648,0
3-hop,419359,77,385.47590000234777,0
3-hop,419359,78,319.2652999969141,0
3-hop,419359,79,283.1864999971003,0
3-hop,419359,80,284.3165999984194,0
3-hop,419359,81,283.68609999961336,0
3-hop,419359,82,278.04380000088713,0
3-hop,419359,83,311.2122999991698,0
3-hop,419359,84,319.23310000274796,0
3-hop,419359,85,319.61759999830974,0
3-hop,419359,86,320.22239999787416,0
3-hop,419359,87,341.9482999997854,0
3-hop,419359,88,297.71310000069207,0
3-hop,419359,89,320.1377999976103,0
3-hop,419359,90,283.5391000007803,0
3-hop,419359,91,280.0886000004539,0
3-hop,419359,92,290.6375999991724,0
3-hop,419359,93,431.4482000008866,0
3-hop,419359,94,314.231699998345,0
3-hop,419359,95,283.09119999903487,0
3-hop,419359,96,357.2303999972064,0
3-hop,419359,97,319.1890999987663,0
3-hop,419359,98,320.0223999992886,0
3-hop,419359,99,320.1807000004919,0
3-hop,419359,100,319.94699999995646,0
